month,region,product,channel,segment,price,leads,opportunities,deals_won,units_sold,marketing_spend,competitor_share_hint
2024-09,India,OmniRetail,Direct,SMB,27988.68,55,27,6,5,4899.91,0.319134131081363
2024-09,India,OmniRetail,Direct,Mid-Market,26436.32,30,12,4,8,2890.16,0.2445550297351737
2024-09,India,OmniRetail,Direct,Enterprise,25775.42,8,3,1,3,1636.33,0.3358632280147565
2024-09,India,OmniRetail,Reseller,SMB,28105.17,39,18,5,4,3525.29,0.29029467681614873
2024-09,India,OmniRetail,Reseller,Mid-Market,26179.15,27,10,6,10,2441.96,0.3529056623369166
2024-09,India,OmniRetail,Reseller,Enterprise,27815.93,5,3,1,3,2198.07,0.2471645240371736
2024-09,India,OmniRetail,Online,SMB,25849.92,59,19,8,9,4110.35,0.3532649075756014
2024-09,India,OmniRetail,Online,Mid-Market,27371.41,41,19,6,13,4203.49,0.27537700147882194
2024-09,India,OmniRetail,Online,Enterprise,26804.36,17,9,4,12,1800.86,0.3202908751195992
2024-09,India,FulfillPro,Direct,SMB,46149.98,44,18,6,6,3138.99,0.35114001986372895
2024-09,India,FulfillPro,Direct,Mid-Market,43589.57,23,13,7,16,3075.21,0.41949119917592165
2024-09,India,FulfillPro,Direct,Enterprise,45048.36,7,2,2,5,1589.76,0.3324828397504628
2024-09,India,FulfillPro,Reseller,SMB,47123.02,33,18,8,8,3524.61,0.22866110400825587
2024-09,India,FulfillPro,Reseller,Mid-Market,44003.91,12,4,1,2,2046.54,0.3240434431671192
2024-09,India,FulfillPro,Reseller,Enterprise,46026.97,8,6,3,8,2040.57,0.2810124453503385
2024-09,India,FulfillPro,Online,SMB,45409.02,55,36,9,7,4334.57,0.4053897565005171
2024-09,India,FulfillPro,Online,Mid-Market,43368.84,25,12,4,9,2369.27,0.2951185441243233
2024-09,India,FulfillPro,Online,Enterprise,46787.47,17,8,2,5,2772.31,0.50234976297616
2024-09,India,RoboPick,Direct,SMB,74869.59,24,11,2,2,2405.83,0.3230242478188066
2024-09,India,RoboPick,Direct,Mid-Market,70014.74,20,3,1,2,2464.56,0.17698870645844567
2024-09,India,RoboPick,Direct,Enterprise,71047.55,13,6,2,5,1867.42,0.3064321350977206
2024-09,India,RoboPick,Reseller,SMB,71946.13,24,14,6,6,2823.03,0.28227760022151976
2024-09,India,RoboPick,Reseller,Mid-Market,74541.67,10,7,5,12,1873.43,0.2944204490768643
2024-09,India,RoboPick,Reseller,Enterprise,69099.67,5,2,1,3,2282.3,0.2555487322930658
2024-09,India,RoboPick,Online,SMB,70513.86,37,18,8,8,4188.5,0.31397191264586427
2024-09,India,RoboPick,Online,Mid-Market,70833.57,25,14,7,16,2375.67,0.3092921566302467
2024-09,India,RoboPick,Online,Enterprise,68668.91,6,3,1,2,1748.26,0.271438272516198
2024-09,EMEA,OmniRetail,Direct,SMB,31598.77,43,19,4,3,4054.85,0.2237476915874376
2024-09,EMEA,OmniRetail,Direct,Mid-Market,32957.34,16,9,1,2,2737.24,0.1998520584545681
2024-09,EMEA,OmniRetail,Direct,Enterprise,30806.79,5,2,1,3,2081.13,0.2032663615695286
2024-09,EMEA,OmniRetail,Reseller,SMB,30290.63,45,23,9,7,2902.83,0.2232048160042122
2024-09,EMEA,OmniRetail,Reseller,Mid-Market,31291.63,23,11,4,7,2810.82,0.24404450060633512
2024-09,EMEA,OmniRetail,Reseller,Enterprise,30438.24,6,2,1,3,1895.12,0.44087981570701934
2024-09,EMEA,OmniRetail,Online,SMB,31643.69,52,28,8,8,4934.79,0.37683244570064783
2024-09,EMEA,OmniRetail,Online,Mid-Market,30812.84,33,10,1,2,3133.72,0.2721282150813019
2024-09,EMEA,OmniRetail,Online,Enterprise,32466.53,17,9,2,7,2597.78,0.3526052789971395
2024-09,EMEA,FulfillPro,Direct,SMB,54613.4,42,16,8,7,4143.08,0.32362892747154337
2024-09,EMEA,FulfillPro,Direct,Mid-Market,52885.55,25,10,6,14,2922.32,0.3132143190254973
2024-09,EMEA,FulfillPro,Direct,Enterprise,52470.71,5,2,1,3,1758.16,0.39002336620818745
2024-09,EMEA,FulfillPro,Reseller,SMB,53555.09,33,13,3,3,3213.9,0.4314728472859993
2024-09,EMEA,FulfillPro,Reseller,Mid-Market,53830.24,15,4,3,7,1852.82,0.32135709616548075
2024-09,EMEA,FulfillPro,Reseller,Enterprise,50498.79,8,4,1,2,1997.42,0.3497262302605822
2024-09,EMEA,FulfillPro,Online,SMB,54931.92,45,18,7,6,3786.29,0.29935178518893557
2024-09,EMEA,FulfillPro,Online,Mid-Market,53527.68,28,9,3,6,3129.37,0.35326103467631426
2024-09,EMEA,FulfillPro,Online,Enterprise,50862.64,15,4,2,5,2162.02,0.40857854758886614
2024-09,EMEA,RoboPick,Direct,SMB,81165.98,21,14,5,5,3236.42,0.2717485875283181
2024-09,EMEA,RoboPick,Direct,Mid-Market,81063.5,9,3,2,5,1901.31,0.23306672866076733
2024-09,EMEA,RoboPick,Direct,Enterprise,88197.63,5,3,2,7,1904.93,0.24667090250213958
2024-09,EMEA,RoboPick,Reseller,SMB,82808.57,17,8,3,3,2409.49,0.28212950859851227
2024-09,EMEA,RoboPick,Reseller,Mid-Market,83189.26,20,9,3,7,1909.19,0.31919471118570736
2024-09,EMEA,RoboPick,Reseller,Enterprise,84755.31,8,3,1,3,1851.61,0.22946148168253605
2024-09,EMEA,RoboPick,Online,SMB,87775.97,28,14,5,6,3170.13,0.33006673845184814
2024-09,EMEA,RoboPick,Online,Mid-Market,81817.22,10,4,1,2,1551.64,0.2741871596251346
2024-09,EMEA,RoboPick,Online,Enterprise,81247.49,9,2,1,3,1452.79,0.23255846151813742
2024-09,Americas,OmniRetail,Direct,SMB,30571.18,45,15,4,4,3652.48,0.2885080305652024
2024-09,Americas,OmniRetail,Direct,Mid-Market,29128.05,26,15,7,12,2813.49,0.26277817664786685
2024-09,Americas,OmniRetail,Direct,Enterprise,30096.34,5,3,2,6,1663.49,0.24072384925220752
2024-09,Americas,OmniRetail,Reseller,SMB,29482.49,30,12,3,3,3198.31,0.2971325473575877
2024-09,Americas,OmniRetail,Reseller,Mid-Market,30736.32,32,18,6,12,2821.97,0.2998022447803588
2024-09,Americas,OmniRetail,Reseller,Enterprise,29211.68,5,2,2,6,1368.13,0.3564770746836285
2024-09,Americas,OmniRetail,Online,SMB,30073.53,54,20,9,7,4807.22,0.2672898480400894
2024-09,Americas,OmniRetail,Online,Mid-Market,30505.93,34,19,5,9,3864.73,0.31641464418831766
2024-09,Americas,OmniRetail,Online,Enterprise,29227.23,6,4,1,3,1871.29,0.23987719658227594
2024-09,Americas,FulfillPro,Direct,SMB,48172.07,43,13,3,3,3791.71,0.2533396634026867
2024-09,Americas,FulfillPro,Direct,Mid-Market,49559.2,30,11,5,10,3443.51,0.39629828895808017
2024-09,Americas,FulfillPro,Direct,Enterprise,51476.34,11,7,4,10,1670.19,0.44480804570451205
2024-09,Americas,FulfillPro,Reseller,SMB,51583.0,33,15,6,6,3131.69,0.3716467054804057
2024-09,Americas,FulfillPro,Reseller,Mid-Market,50217.76,10,5,3,6,2296.18,0.3509632051186358
2024-09,Americas,FulfillPro,Reseller,Enterprise,51442.99,5,4,2,7,1534.47,0.42483962331390346
2024-09,Americas,FulfillPro,Online,SMB,51606.29,52,15,8,7,4099.04,0.3741220688028153
2024-09,Americas,FulfillPro,Online,Mid-Market,50705.74,28,13,5,11,3245.64,0.31684125359917964
2024-09,Americas,FulfillPro,Online,Enterprise,52236.42,8,2,1,3,1943.03,0.4001339239009942
2024-09,Americas,RoboPick,Direct,SMB,77220.31,40,12,7,8,3898.26,0.28541647714370727
2024-09,Americas,RoboPick,Direct,Mid-Market,82711.18,25,14,3,7,3014.34,0.29686439605698717
2024-09,Americas,RoboPick,Direct,Enterprise,76037.06,7,3,1,3,1748.2,0.24199594852650735
2024-09,Americas,RoboPick,Reseller,SMB,79619.52,26,11,4,4,2326.26,0.20089154697745654
2024-09,Americas,RoboPick,Reseller,Mid-Market,81308.3,5,4,2,3,2187.78,0.13930568558223438
2024-09,Americas,RoboPick,Reseller,Enterprise,81999.68,5,2,1,2,2129.54,0.25949535885720204
2024-09,Americas,RoboPick,Online,SMB,79626.31,30,8,2,2,3112.71,0.1835737327239987
2024-09,Americas,RoboPick,Online,Mid-Market,78165.96,27,7,5,9,3010.37,0.23471072389765812
2024-09,Americas,RoboPick,Online,Enterprise,76832.87,13,10,4,10,2010.51,0.20630109100312685
2024-10,India,OmniRetail,Direct,SMB,26722.4,46,18,9,10,3966.94,0.24357517352592584
2024-10,India,OmniRetail,Direct,Mid-Market,26572.91,35,9,4,9,3052.09,0.4058812160557631
2024-10,India,OmniRetail,Direct,Enterprise,28210.82,5,3,1,3,1454.65,0.16980733877754847
2024-10,India,OmniRetail,Reseller,SMB,27112.41,42,17,2,2,3736.07,0.380762652447883
2024-10,India,OmniRetail,Reseller,Mid-Market,28118.61,27,17,4,6,2751.89,0.30604904533524313
2024-10,India,OmniRetail,Reseller,Enterprise,28080.05,12,5,1,3,2392.01,0.3316162447579074
2024-10,India,OmniRetail,Online,SMB,26098.97,71,39,11,9,5494.81,0.2232253819958579
2024-10,India,OmniRetail,Online,Mid-Market,27179.29,32,15,6,11,3400.68,0.21889892366301997
2024-10,India,OmniRetail,Online,Enterprise,26552.46,16,6,2,6,2116.64,0.30732058887872166
2024-10,India,FulfillPro,Direct,SMB,46347.37,44,19,5,6,3949.14,0.45874691347981567
2024-10,India,FulfillPro,Direct,Mid-Market,46678.26,18,12,3,6,2921.96,0.38724032585304063
2024-10,India,FulfillPro,Direct,Enterprise,46998.27,17,6,1,4,2405.68,0.2503423439890405
2024-10,India,FulfillPro,Reseller,SMB,46999.2,39,12,6,7,3976.87,0.41318917119997417
2024-10,India,FulfillPro,Reseller,Mid-Market,43096.29,19,11,3,5,2496.76,0.32226348267769744
2024-10,India,FulfillPro,Reseller,Enterprise,46736.9,7,3,1,3,1642.29,0.36179328659069443
2024-10,India,FulfillPro,Online,SMB,46681.55,56,28,9,9,5661.53,0.4345608464111348
2024-10,India,FulfillPro,Online,Mid-Market,44083.39,24,10,3,5,2170.29,0.33309292346836955
2024-10,India,FulfillPro,Online,Enterprise,45510.35,5,2,2,6,2216.22,0.33716066934646943
2024-10,India,RoboPick,Direct,SMB,74013.01,36,19,5,4,2875.98,0.21814018269989094
2024-10,India,RoboPick,Direct,Mid-Market,70011.49,17,8,4,7,2546.8,0.2782849333831842
2024-10,India,RoboPick,Direct,Enterprise,74607.32,5,4,2,7,1976.67,0.22673790640384095
2024-10,India,RoboPick,Reseller,SMB,68983.53,20,9,3,3,2615.37,0.20614419760348485
2024-10,India,RoboPick,Reseller,Mid-Market,70322.6,5,2,1,2,2129.22,0.31264965262414435
2024-10,India,RoboPick,Reseller,Enterprise,72854.0,10,6,3,10,1784.42,0.28043644186643785
2024-10,India,RoboPick,Online,SMB,68445.98,35,16,8,8,3318.32,0.22639967126035837
2024-10,India,RoboPick,Online,Mid-Market,73879.4,23,9,4,7,3256.47,0.3797952833983276
2024-10,India,RoboPick,Online,Enterprise,68884.92,15,8,2,6,2207.86,0.26164539957389843
2024-10,EMEA,OmniRetail,Direct,SMB,29994.69,40,22,9,7,3476.98,0.32263271250387127
2024-10,EMEA,OmniRetail,Direct,Mid-Market,32110.1,30,15,3,7,2481.07,0.16807164260279508
2024-10,EMEA,OmniRetail,Direct,Enterprise,31177.42,16,9,3,9,2755.6,0.294049448173237
2024-10,EMEA,OmniRetail,Reseller,SMB,32974.81,39,15,6,6,3645.69,0.38662587624439554
2024-10,EMEA,OmniRetail,Reseller,Mid-Market,32825.67,25,15,4,7,3259.03,0.3797491518079459
2024-10,EMEA,OmniRetail,Reseller,Enterprise,30127.26,5,2,1,3,1556.29,0.4080564259746489
2024-10,EMEA,OmniRetail,Online,SMB,32114.19,48,24,8,7,4938.43,0.1545672404022626
2024-10,EMEA,OmniRetail,Online,Mid-Market,31687.89,32,10,4,9,2615.84,0.23049811864844744
2024-10,EMEA,OmniRetail,Online,Enterprise,32446.85,8,3,1,3,1535.52,0.2831339824268427
2024-10,EMEA,FulfillPro,Direct,SMB,53623.96,37,17,7,8,3709.37,0.31118379333766555
2024-10,EMEA,FulfillPro,Direct,Mid-Market,50303.56,23,14,6,13,2208.75,0.3086487309146259
2024-10,EMEA,FulfillPro,Direct,Enterprise,51074.39,5,3,1,3,2324.24,0.4785362215167118
2024-10,EMEA,FulfillPro,Reseller,SMB,53774.21,23,12,6,7,2559.53,0.24988495556734464
2024-10,EMEA,FulfillPro,Reseller,Mid-Market,51328.35,10,5,3,6,2490.07,0.34768949182995756
2024-10,EMEA,FulfillPro,Reseller,Enterprise,50818.34,9,4,2,7,2395.53,0.37374821200624453
2024-10,EMEA,FulfillPro,Online,SMB,51760.98,44,19,7,7,3706.22,0.32776314007483365
2024-10,EMEA,FulfillPro,Online,Mid-Market,54966.56,28,11,4,7,2737.23,0.41964960724271116
2024-10,EMEA,FulfillPro,Online,Enterprise,50751.97,5,3,1,3,1261.81,0.32431309034204525
2024-10,EMEA,RoboPick,Direct,SMB,81529.07,29,15,6,7,2527.12,0.2758024988314642
2024-10,EMEA,RoboPick,Direct,Mid-Market,80149.21,15,9,3,6,2653.38,0.24515700519348507
2024-10,EMEA,RoboPick,Direct,Enterprise,80973.07,6,4,1,3,1553.33,0.07622467730837865
2024-10,EMEA,RoboPick,Reseller,SMB,85618.06,15,8,4,3,2921.77,0.36484188123200717
2024-10,EMEA,RoboPick,Reseller,Mid-Market,85592.02,12,6,1,2,1939.22,0.3130392637604567
2024-10,EMEA,RoboPick,Reseller,Enterprise,88008.26,5,2,2,5,2131.79,0.20474344899883853
2024-10,EMEA,RoboPick,Online,SMB,86585.91,31,14,4,4,3746.74,0.3078452300973014
2024-10,EMEA,RoboPick,Online,Mid-Market,83127.85,25,8,2,4,2910.16,0.25093474285488804
2024-10,EMEA,RoboPick,Online,Enterprise,82990.2,5,2,1,3,1848.58,0.31058902536055805
2024-10,Americas,OmniRetail,Direct,SMB,30323.72,45,19,6,6,4645.58,0.2012760751825865
2024-10,Americas,OmniRetail,Direct,Mid-Market,29354.62,28,17,5,9,3181.15,0.28315949538799356
2024-10,Americas,OmniRetail,Direct,Enterprise,29043.45,5,3,1,3,1483.61,0.35644627127929296
2024-10,Americas,OmniRetail,Reseller,SMB,30917.98,47,17,8,8,3699.23,0.32642848427762394
2024-10,Americas,OmniRetail,Reseller,Mid-Market,30332.94,26,13,3,5,3200.46,0.3024355014722329
2024-10,Americas,OmniRetail,Reseller,Enterprise,30502.65,8,3,2,6,1966.79,0.35369546261666646
2024-10,Americas,OmniRetail,Online,SMB,28570.92,68,23,7,6,5636.72,0.3248279458470899
2024-10,Americas,OmniRetail,Online,Mid-Market,30585.43,28,12,8,14,2887.83,0.4547825602592591
2024-10,Americas,OmniRetail,Online,Enterprise,28756.97,19,5,1,2,2461.56,0.3977037973877123
2024-10,Americas,FulfillPro,Direct,SMB,48668.56,34,13,2,2,3790.89,0.3038016061364815
2024-10,Americas,FulfillPro,Direct,Mid-Market,50288.92,27,16,11,23,3137.03,0.27742153887852766
2024-10,Americas,FulfillPro,Direct,Enterprise,47983.38,10,7,2,6,2291.27,0.294759584415238
2024-10,Americas,FulfillPro,Reseller,SMB,50199.79,38,17,10,12,4000.88,0.33101549301831185
2024-10,Americas,FulfillPro,Reseller,Mid-Market,47680.8,16,9,4,9,2048.61,0.34085180981716734
2024-10,Americas,FulfillPro,Reseller,Enterprise,50502.97,5,4,1,3,2196.74,0.3804794796147526
2024-10,Americas,FulfillPro,Online,SMB,51840.28,49,26,8,9,4934.74,0.3440666208085314
2024-10,Americas,FulfillPro,Online,Mid-Market,50704.86,27,11,3,7,2878.73,0.29609192109253774
2024-10,Americas,FulfillPro,Online,Enterprise,49337.67,24,12,4,10,2034.9,0.27128982605899044
2024-10,Americas,RoboPick,Direct,SMB,81126.61,30,13,4,3,3014.02,0.13147200601876774
2024-10,Americas,RoboPick,Direct,Mid-Market,76462.24,12,3,1,2,2713.89,0.33944356821099714
2024-10,Americas,RoboPick,Direct,Enterprise,80075.38,5,2,1,2,2163.47,0.2318518188107123
2024-10,Americas,RoboPick,Reseller,SMB,79598.28,14,8,1,1,2009.5,0.30605919467435644
2024-10,Americas,RoboPick,Reseller,Mid-Market,82082.32,20,10,1,2,2417.58,0.0945374624713054
2024-10,Americas,RoboPick,Reseller,Enterprise,77200.39,5,2,1,3,1986.06,0.2404882256183818
2024-10,Americas,RoboPick,Online,SMB,82295.23,22,9,6,7,2776.3,0.23744057937088803
2024-10,Americas,RoboPick,Online,Mid-Market,81093.36,13,7,4,9,1826.09,0.2136571046197997
2024-10,Americas,RoboPick,Online,Enterprise,81730.59,5,3,1,3,1282.07,0.25819211986496426
2024-11,India,OmniRetail,Direct,SMB,26120.1,48,27,12,10,3721.99,0.26058634326171626
2024-11,India,OmniRetail,Direct,Mid-Market,26205.36,29,9,4,8,2880.62,0.25459229468583233
2024-11,India,OmniRetail,Direct,Enterprise,27222.54,16,8,5,16,2810.84,0.35567040768487423
2024-11,India,OmniRetail,Reseller,SMB,28196.3,37,16,5,5,2868.67,0.1820186046374399
2024-11,India,OmniRetail,Reseller,Mid-Market,28131.1,27,13,7,16,3039.36,0.2650153536858637
2024-11,India,OmniRetail,Reseller,Enterprise,28308.61,16,8,2,6,2133.12,0.3704084314491195
2024-11,India,OmniRetail,Online,SMB,27628.56,62,30,10,11,5078.91,0.3351818411253056
2024-11,India,OmniRetail,Online,Mid-Market,26082.19,30,14,6,13,2624.73,0.32286950309296664
2024-11,India,OmniRetail,Online,Enterprise,27148.73,19,13,6,16,2793.84,0.24896877274744197
2024-11,India,FulfillPro,Direct,SMB,46105.8,41,19,8,7,3847.12,0.3508812916837518
2024-11,India,FulfillPro,Direct,Mid-Market,44768.75,20,6,5,9,3119.44,0.32763001087449395
2024-11,India,FulfillPro,Direct,Enterprise,45396.91,5,3,1,3,1914.47,0.42575504620563087
2024-11,India,FulfillPro,Reseller,SMB,43964.19,35,15,7,8,3764.56,0.4225019738355885
2024-11,India,FulfillPro,Reseller,Mid-Market,44226.87,27,13,4,7,2520.16,0.4386518048633157
2024-11,India,FulfillPro,Reseller,Enterprise,43282.51,11,5,2,7,2415.07,0.4612455539800513
2024-11,India,FulfillPro,Online,SMB,42858.86,58,21,6,5,5040.22,0.28282295400265933
2024-11,India,FulfillPro,Online,Mid-Market,43587.46,23,14,7,16,2932.01,0.2543178159639923
2024-11,India,FulfillPro,Online,Enterprise,46194.81,7,2,1,3,1923.6,0.4563350958001846
2024-11,India,RoboPick,Direct,SMB,74925.03,32,15,4,4,2791.51,0.23777957498938204
2024-11,India,RoboPick,Direct,Mid-Market,74926.35,17,7,1,2,2283.44,0.20516729925113059
2024-11,India,RoboPick,Direct,Enterprise,71415.31,5,3,2,5,1969.84,0.280956353062246
2024-11,India,RoboPick,Reseller,SMB,69221.49,19,9,4,4,2071.53,0.24786151106215099
2024-11,India,RoboPick,Reseller,Mid-Market,68887.21,18,8,4,9,2645.77,0.2537007909908783
2024-11,India,RoboPick,Reseller,Enterprise,73087.01,5,2,1,3,1344.09,0.3042360904651717
2024-11,India,RoboPick,Online,SMB,73848.61,43,19,4,4,3594.89,0.2020484796009848
2024-11,India,RoboPick,Online,Mid-Market,69159.41,21,10,4,8,3075.87,0.24532976817923188
2024-11,India,RoboPick,Online,Enterprise,72558.67,15,10,3,10,2683.48,0.163703321300958
2024-11,EMEA,OmniRetail,Direct,SMB,32625.11,47,21,10,9,4434.57,0.24921860070054758
2024-11,EMEA,OmniRetail,Direct,Mid-Market,30187.91,24,13,4,8,3398.94,0.32541594393560763
2024-11,EMEA,OmniRetail,Direct,Enterprise,30436.04,13,5,3,9,2084.67,0.3256984258324589
2024-11,EMEA,OmniRetail,Reseller,SMB,32505.05,43,24,6,7,4127.87,0.27881002243135866
2024-11,EMEA,OmniRetail,Reseller,Mid-Market,30980.91,20,9,2,5,2616.27,0.26353068077433406
2024-11,EMEA,OmniRetail,Reseller,Enterprise,31034.98,5,2,1,3,1797.5,0.2806607718473196
2024-11,EMEA,OmniRetail,Online,SMB,30475.88,52,20,7,6,4642.13,0.3712607633076938
2024-11,EMEA,OmniRetail,Online,Mid-Market,30029.55,29,15,4,7,3077.6,0.41633573994349704
2024-11,EMEA,OmniRetail,Online,Enterprise,30274.62,16,9,4,12,2314.94,0.28552454072288747
2024-11,EMEA,FulfillPro,Direct,SMB,51345.2,36,19,8,9,3659.23,0.34456800306175034
2024-11,EMEA,FulfillPro,Direct,Mid-Market,54456.96,23,13,6,11,2701.37,0.41515892697050194
2024-11,EMEA,FulfillPro,Direct,Enterprise,51435.5,5,2,1,3,1988.18,0.33180921302994343
2024-11,EMEA,FulfillPro,Reseller,SMB,52934.74,30,15,7,6,3951.59,0.33987069660859937
2024-11,EMEA,FulfillPro,Reseller,Mid-Market,53388.3,14,8,1,2,2787.28,0.3643021389640871
2024-11,EMEA,FulfillPro,Reseller,Enterprise,54560.75,10,6,3,9,2140.1,0.24016202618861257
2024-11,EMEA,FulfillPro,Online,SMB,52435.25,49,24,6,6,4869.3,0.25388205128616986
2024-11,EMEA,FulfillPro,Online,Mid-Market,52355.59,34,16,4,8,2546.59,0.36167644731423454
2024-11,EMEA,FulfillPro,Online,Enterprise,49903.91,9,2,1,3,1581.14,0.3956033578213761
2024-11,EMEA,RoboPick,Direct,SMB,80531.58,30,13,6,6,2869.2,0.256901564748845
2024-11,EMEA,RoboPick,Direct,Mid-Market,82107.74,16,8,7,12,2251.22,0.24636035117112276
2024-11,EMEA,RoboPick,Direct,Enterprise,86698.07,10,5,2,7,2036.87,0.3037022988445669
2024-11,EMEA,RoboPick,Reseller,SMB,80816.61,20,9,3,3,2802.55,0.19652846647508276
2024-11,EMEA,RoboPick,Reseller,Mid-Market,85143.21,15,7,2,3,2623.55,0.3346559427847762
2024-11,EMEA,RoboPick,Reseller,Enterprise,82278.34,6,2,1,3,1904.68,0.2565135823465914
2024-11,EMEA,RoboPick,Online,SMB,85452.92,20,11,5,5,2271.54,0.2756316617123011
2024-11,EMEA,RoboPick,Online,Mid-Market,82478.48,17,7,4,8,2348.09,0.26561931032627323
2024-11,EMEA,RoboPick,Online,Enterprise,87276.82,15,8,2,5,1910.1,0.2253511427227249
2024-11,Americas,OmniRetail,Direct,SMB,30531.36,48,22,7,6,4156.92,0.2874466875753283
2024-11,Americas,OmniRetail,Direct,Mid-Market,29652.62,39,13,4,9,2636.58,0.29913286374730325
2024-11,Americas,OmniRetail,Direct,Enterprise,28848.42,6,2,1,3,1726.03,0.395918830230283
2024-11,Americas,OmniRetail,Reseller,SMB,30124.22,39,22,7,7,3294.06,0.32686301554861663
2024-11,Americas,OmniRetail,Reseller,Mid-Market,28672.94,31,17,3,5,2828.72,0.2674395720159587
2024-11,Americas,OmniRetail,Reseller,Enterprise,29966.69,9,4,1,3,2462.33,0.31435481184666897
2024-11,Americas,OmniRetail,Online,SMB,29926.64,59,30,8,7,4548.9,0.32980195339419127
2024-11,Americas,OmniRetail,Online,Mid-Market,29327.3,37,17,4,9,4397.61,0.2765010859546925
2024-11,Americas,OmniRetail,Online,Enterprise,29357.35,13,9,4,11,2361.06,0.29691637658469083
2024-11,Americas,FulfillPro,Direct,SMB,51637.59,41,13,9,9,4153.9,0.3633943348477496
2024-11,Americas,FulfillPro,Direct,Mid-Market,47595.58,30,17,7,16,3316.88,0.17357668192014317
2024-11,Americas,FulfillPro,Direct,Enterprise,48553.52,14,9,4,11,1970.99,0.26722291011266414
2024-11,Americas,FulfillPro,Reseller,SMB,51267.14,29,8,4,3,3487.5,0.38097069722689747
2024-11,Americas,FulfillPro,Reseller,Mid-Market,49535.53,22,11,2,4,2272.39,0.2970875209263369
2024-11,Americas,FulfillPro,Reseller,Enterprise,51472.58,8,6,1,3,1539.93,0.3627976224423763
2024-11,Americas,FulfillPro,Online,SMB,49525.51,47,18,7,8,4479.11,0.2936058139334681
2024-11,Americas,FulfillPro,Online,Mid-Market,48114.6,22,11,3,6,2969.6,0.3666426162774915
2024-11,Americas,FulfillPro,Online,Enterprise,51612.67,22,9,2,7,2963.11,0.3205018288620771
2024-11,Americas,RoboPick,Direct,SMB,81036.46,22,12,3,3,2664.5,0.14385544570665293
2024-11,Americas,RoboPick,Direct,Mid-Market,77974.59,14,5,3,5,2187.45,0.25931144103153875
2024-11,Americas,RoboPick,Direct,Enterprise,79470.54,5,2,1,3,1713.81,0.30246335084276366
2024-11,Americas,RoboPick,Reseller,SMB,81704.37,22,13,1,1,3285.86,0.30557292413449555
2024-11,Americas,RoboPick,Reseller,Mid-Market,83654.4,8,6,1,2,1872.83,0.322233066230129
2024-11,Americas,RoboPick,Reseller,Enterprise,82577.44,5,2,1,3,1539.55,0.2411331808709517
2024-11,Americas,RoboPick,Online,SMB,77092.81,31,14,6,6,3584.62,0.18568856601759068
2024-11,Americas,RoboPick,Online,Mid-Market,78942.29,26,9,5,9,2196.82,0.28830351553650296
2024-11,Americas,RoboPick,Online,Enterprise,80247.5,5,3,1,3,1299.19,0.19033903752348927
2024-12,India,OmniRetail,Direct,SMB,27057.5,55,25,9,10,4935.97,0.3668593016801323
2024-12,India,OmniRetail,Direct,Mid-Market,25653.65,31,12,4,8,3165.27,0.3929412090897112
2024-12,India,OmniRetail,Direct,Enterprise,26315.83,16,8,1,3,2619.8,0.25029017851318525
2024-12,India,OmniRetail,Reseller,SMB,26637.34,38,22,12,10,2972.77,0.313842054343121
2024-12,India,OmniRetail,Reseller,Mid-Market,26698.05,28,13,5,11,2946.17,0.3147902867059203
2024-12,India,OmniRetail,Reseller,Enterprise,26047.72,13,5,3,7,2153.98,0.2954429385814486
2024-12,India,OmniRetail,Online,SMB,25855.85,57,32,9,10,4556.71,0.3110844347337435
2024-12,India,OmniRetail,Online,Mid-Market,28299.22,50,17,2,5,5043.5,0.2840008602459351
2024-12,India,OmniRetail,Online,Enterprise,28299.18,16,6,1,3,2523.85,0.21820955972443135
2024-12,India,FulfillPro,Direct,SMB,43863.03,44,28,9,10,4272.21,0.37927233709226443
2024-12,India,FulfillPro,Direct,Mid-Market,46917.87,28,13,1,2,2946.45,0.34995748432540125
2024-12,India,FulfillPro,Direct,Enterprise,44914.01,7,4,1,2,1537.61,0.3659526937791229
2024-12,India,FulfillPro,Reseller,SMB,46882.92,31,15,4,4,3701.49,0.4292782419363807
2024-12,India,FulfillPro,Reseller,Mid-Market,43612.17,27,10,3,5,2925.58,0.40355584029795855
2024-12,India,FulfillPro,Reseller,Enterprise,44714.76,5,2,2,6,1803.71,0.391179107417402
2024-12,India,FulfillPro,Online,SMB,44988.93,48,23,10,10,3805.87,0.40529900671546754
2024-12,India,FulfillPro,Online,Mid-Market,44244.86,30,15,5,11,3595.38,0.3619368888077896
2024-12,India,FulfillPro,Online,Enterprise,43325.4,8,5,1,2,1503.74,0.3691791095551386
2024-12,India,RoboPick,Direct,SMB,73651.28,34,7,1,1,3570.48,0.18485049226688888
2024-12,India,RoboPick,Direct,Mid-Market,74280.81,25,15,3,7,2507.15,0.2093461208598607
2024-12,India,RoboPick,Direct,Enterprise,74020.55,14,6,3,8,2757.41,0.20150405670154442
2024-12,India,RoboPick,Reseller,SMB,71058.82,16,9,3,3,2915.31,0.2650120123751017
2024-12,India,RoboPick,Reseller,Mid-Market,70373.32,20,10,4,9,2479.48,0.27986458534548364
2024-12,India,RoboPick,Reseller,Enterprise,75219.05,5,4,2,6,1654.96,0.29673619021072684
2024-12,India,RoboPick,Online,SMB,73466.64,39,18,8,6,4132.86,0.245704044888516
2024-12,India,RoboPick,Online,Mid-Market,73572.87,26,13,2,4,2892.12,0.2529864212308576
2024-12,India,RoboPick,Online,Enterprise,73243.46,10,6,1,3,1889.47,0.19823345415741278
2024-12,EMEA,OmniRetail,Direct,SMB,30891.35,48,23,8,7,4049.55,0.30860330804053504
2024-12,EMEA,OmniRetail,Direct,Mid-Market,30103.24,33,13,5,9,3634.63,0.1975585225444232
2024-12,EMEA,OmniRetail,Direct,Enterprise,30800.24,17,8,4,10,2252.94,0.2204371388350777
2024-12,EMEA,OmniRetail,Reseller,SMB,31256.6,27,17,7,8,2758.3,0.24454601134390172
2024-12,EMEA,OmniRetail,Reseller,Mid-Market,31826.46,17,7,3,7,1794.84,0.23976255767511007
2024-12,EMEA,OmniRetail,Reseller,Enterprise,29972.6,8,2,1,3,1802.5,0.3804276631074209
2024-12,EMEA,OmniRetail,Online,SMB,32907.21,57,27,9,10,3615.93,0.24494983073914417
2024-12,EMEA,OmniRetail,Online,Mid-Market,31761.22,31,15,5,8,2925.64,0.3701753995456664
2024-12,EMEA,OmniRetail,Online,Enterprise,29951.21,12,7,5,13,1728.72,0.23882013967847304
2024-12,EMEA,FulfillPro,Direct,SMB,52969.63,37,16,6,5,3798.44,0.2536053739556792
2024-12,EMEA,FulfillPro,Direct,Mid-Market,51178.98,26,7,3,5,2478.04,0.33593553198102066
2024-12,EMEA,FulfillPro,Direct,Enterprise,54101.72,17,8,5,17,3032.43,0.36436427003212263
2024-12,EMEA,FulfillPro,Reseller,SMB,51823.34,21,10,4,3,3004.53,0.4032374502360045
2024-12,EMEA,FulfillPro,Reseller,Mid-Market,53183.8,9,4,2,4,2132.52,0.3932937503075686
2024-12,EMEA,FulfillPro,Reseller,Enterprise,51455.49,5,2,1,2,1331.57,0.4015752732187881
2024-12,EMEA,FulfillPro,Online,SMB,50712.33,47,17,6,5,3176.74,0.43661792020812884
2024-12,EMEA,FulfillPro,Online,Mid-Market,51501.49,29,15,3,5,2892.47,0.40809107963197166
2024-12,EMEA,FulfillPro,Online,Enterprise,54877.28,5,2,1,3,1603.44,0.38283588784267797
2024-12,EMEA,RoboPick,Direct,SMB,81428.45,28,16,6,6,3518.35,0.19891561394438118
2024-12,EMEA,RoboPick,Direct,Mid-Market,81305.73,16,9,2,4,2202.69,0.18214669388044508
2024-12,EMEA,RoboPick,Direct,Enterprise,84161.49,6,4,1,3,1594.75,0.17448970535947994
2024-12,EMEA,RoboPick,Reseller,SMB,84343.6,19,6,2,2,2859.11,0.3753065663721955
2024-12,EMEA,RoboPick,Reseller,Mid-Market,84887.36,12,4,1,2,1859.4,0.3054562083722698
2024-12,EMEA,RoboPick,Reseller,Enterprise,83321.88,7,2,1,3,2076.56,0.23592276580255517
2024-12,EMEA,RoboPick,Online,SMB,85876.93,30,13,4,3,3518.21,0.30981152640794846
2024-12,EMEA,RoboPick,Online,Mid-Market,86981.78,20,9,3,5,2795.85,0.21245936275022725
2024-12,EMEA,RoboPick,Online,Enterprise,83071.0,6,4,1,3,2305.58,0.2534813640885037
2024-12,Americas,OmniRetail,Direct,SMB,30177.18,48,15,6,7,3602.58,0.2704858531496277
2024-12,Americas,OmniRetail,Direct,Mid-Market,30626.3,23,5,2,4,2143.44,0.16766603657405585
2024-12,Americas,OmniRetail,Direct,Enterprise,30799.55,10,9,4,10,2357.07,0.3401004293230848
2024-12,Americas,OmniRetail,Reseller,SMB,29009.64,42,20,8,9,3816.08,0.24833472538958576
2024-12,Americas,OmniRetail,Reseller,Mid-Market,30397.17,25,13,8,17,2591.28,0.3642925891340931
2024-12,Americas,OmniRetail,Reseller,Enterprise,31223.52,5,2,1,3,1463.98,0.2529142855123378
2024-12,Americas,OmniRetail,Online,SMB,30577.08,58,24,11,10,4718.54,0.3618348351374434
2024-12,Americas,OmniRetail,Online,Mid-Market,29293.91,28,16,4,8,3490.99,0.24309911974654794
2024-12,Americas,OmniRetail,Online,Enterprise,28593.45,17,6,2,6,1846.06,0.2676694886284357
2024-12,Americas,FulfillPro,Direct,SMB,51940.59,38,18,5,6,3791.79,0.33419310703506505
2024-12,Americas,FulfillPro,Direct,Mid-Market,48707.48,22,11,6,14,2317.82,0.3867481276408161
2024-12,Americas,FulfillPro,Direct,Enterprise,51321.77,16,7,2,5,2701.7,0.27126684839411563
2024-12,Americas,FulfillPro,Reseller,SMB,51283.65,37,19,7,8,3678.34,0.4127053084450852
2024-12,Americas,FulfillPro,Reseller,Mid-Market,52405.59,13,6,1,2,2577.72,0.22399840954090255
2024-12,Americas,FulfillPro,Reseller,Enterprise,52208.46,11,8,4,11,1995.59,0.3196551977442838
2024-12,Americas,FulfillPro,Online,SMB,48396.78,53,25,9,9,4696.34,0.3208816498779279
2024-12,Americas,FulfillPro,Online,Mid-Market,52304.6,34,13,7,16,3395.15,0.4012385585931334
2024-12,Americas,FulfillPro,Online,Enterprise,49274.62,6,3,1,3,1281.1,0.3377317267408327
2024-12,Americas,RoboPick,Direct,SMB,77573.23,23,11,5,6,2715.34,0.2873626734340161
2024-12,Americas,RoboPick,Direct,Mid-Market,82820.38,18,8,5,11,2311.6,0.23821200499431416
2024-12,Americas,RoboPick,Direct,Enterprise,77339.93,5,2,1,3,2195.17,0.1570829020681752
2024-12,Americas,RoboPick,Reseller,SMB,78051.7,13,7,1,1,2332.57,0.18747733526541382
2024-12,Americas,RoboPick,Reseller,Mid-Market,82430.44,12,5,1,2,2110.07,0.1990942819485511
2024-12,Americas,RoboPick,Reseller,Enterprise,78451.71,5,3,1,3,1380.34,0.1434252199920129
2024-12,Americas,RoboPick,Online,SMB,78511.0,27,10,5,6,3355.91,0.298849105727096
2024-12,Americas,RoboPick,Online,Mid-Market,78891.23,15,6,2,5,2393.71,0.3522463309753295
2024-12,Americas,RoboPick,Online,Enterprise,80541.82,5,3,2,5,1776.52,0.23200970822350717
2025-01,India,OmniRetail,Direct,SMB,26150.23,46,23,7,7,3443.24,0.22993322692392387
2025-01,India,OmniRetail,Direct,Mid-Market,26641.95,35,13,3,7,3048.15,0.313232485620832
2025-01,India,OmniRetail,Direct,Enterprise,26324.11,15,5,1,3,1719.11,0.34088157062657687
2025-01,India,OmniRetail,Reseller,SMB,25903.2,43,21,7,7,4267.85,0.32750320221308904
2025-01,India,OmniRetail,Reseller,Mid-Market,26965.62,23,13,4,7,2813.6,0.17275799084189603
2025-01,India,OmniRetail,Reseller,Enterprise,27026.61,16,5,2,7,1930.86,0.17216601121156797
2025-01,India,OmniRetail,Online,SMB,26291.19,63,26,4,4,4338.37,0.31723973426418056
2025-01,India,OmniRetail,Online,Mid-Market,27677.08,40,14,6,11,3523.35,0.2321958396575785
2025-01,India,OmniRetail,Online,Enterprise,27882.52,19,8,1,2,2834.34,0.3401192882854744
2025-01,India,FulfillPro,Direct,SMB,45501.59,40,10,6,5,3731.75,0.3651344237856006
2025-01,India,FulfillPro,Direct,Mid-Market,44279.87,29,12,9,17,2671.48,0.4383602405450589
2025-01,India,FulfillPro,Direct,Enterprise,43482.56,6,3,1,3,1497.61,0.3385698136401313
2025-01,India,FulfillPro,Reseller,SMB,46142.41,34,16,6,7,3853.81,0.2521716053770916
2025-01,India,FulfillPro,Reseller,Mid-Market,46780.03,24,8,2,5,2928.48,0.45484179187493345
2025-01,India,FulfillPro,Reseller,Enterprise,43289.51,5,2,1,3,1841.69,0.2866065414343848
2025-01,India,FulfillPro,Online,SMB,45210.13,52,17,3,3,4831.72,0.46923655995384844
2025-01,India,FulfillPro,Online,Mid-Market,44547.83,37,14,6,14,2853.55,0.426341210006406
2025-01,India,FulfillPro,Online,Enterprise,43716.13,15,5,1,4,2225.1,0.4947006005347052
2025-01,India,RoboPick,Direct,SMB,74294.93,32,21,6,7,3483.9,0.17549436547110253
2025-01,India,RoboPick,Direct,Mid-Market,70220.58,18,8,2,4,2391.13,0.36326125944041143
2025-01,India,RoboPick,Direct,Enterprise,69905.23,9,4,2,6,1849.56,0.16617290889322053
2025-01,India,RoboPick,Reseller,SMB,71705.69,30,11,6,6,3405.51,0.22221031827487606
2025-01,India,RoboPick,Reseller,Mid-Market,75392.29,17,13,2,4,2681.47,0.2105050952599691
2025-01,India,RoboPick,Reseller,Enterprise,70953.6,5,2,1,2,1685.81,0.25941837765810605
2025-01,India,RoboPick,Online,SMB,71374.84,38,19,3,3,3948.6,0.2074335398543472
2025-01,India,RoboPick,Online,Mid-Market,69611.07,22,7,1,2,3017.4,0.23002837573704932
2025-01,India,RoboPick,Online,Enterprise,73817.26,9,4,2,6,2180.89,0.29156336530701155
2025-01,EMEA,OmniRetail,Direct,SMB,31283.6,51,25,9,10,4534.99,0.285088282915533
2025-01,EMEA,OmniRetail,Direct,Mid-Market,30048.7,30,13,4,7,2451.18,0.3086152761903096
2025-01,EMEA,OmniRetail,Direct,Enterprise,32392.39,18,7,5,14,2853.93,0.33501265818071324
2025-01,EMEA,OmniRetail,Reseller,SMB,31886.67,34,16,8,7,2894.35,0.3216850390363862
2025-01,EMEA,OmniRetail,Reseller,Mid-Market,30190.0,10,7,3,7,1618.18,0.22743138387487166
2025-01,EMEA,OmniRetail,Reseller,Enterprise,30084.46,5,2,2,6,1779.86,0.2785182372151808
2025-01,EMEA,OmniRetail,Online,SMB,32992.47,50,23,8,8,4091.54,0.2977457613012311
2025-01,EMEA,OmniRetail,Online,Mid-Market,32546.95,27,17,3,6,2956.89,0.17236635477891027
2025-01,EMEA,OmniRetail,Online,Enterprise,30188.1,16,10,3,10,2493.81,0.2462014663610875
2025-01,EMEA,FulfillPro,Direct,SMB,52877.98,35,14,4,3,4005.86,0.25212345107234324
2025-01,EMEA,FulfillPro,Direct,Mid-Market,50057.03,21,8,3,5,2784.07,0.24489027159489685
2025-01,EMEA,FulfillPro,Direct,Enterprise,53405.02,11,3,1,3,2385.69,0.3048538857588179
2025-01,EMEA,FulfillPro,Reseller,SMB,50301.46,26,16,6,5,2970.42,0.4298344942423424
2025-01,EMEA,FulfillPro,Reseller,Mid-Market,52033.75,21,10,3,6,2439.6,0.3927393295748097
2025-01,EMEA,FulfillPro,Reseller,Enterprise,53967.46,12,4,2,6,2304.21,0.3755266918510503
2025-01,EMEA,FulfillPro,Online,SMB,52994.77,46,17,6,6,4354.88,0.37707351915911047
2025-01,EMEA,FulfillPro,Online,Mid-Market,53157.98,18,11,4,7,2342.14,0.39328875942544056
2025-01,EMEA,FulfillPro,Online,Enterprise,51617.85,16,4,1,4,1877.04,0.4249771343178
2025-01,EMEA,RoboPick,Direct,SMB,82285.83,24,6,2,2,3403.26,0.3646851452283834
2025-01,EMEA,RoboPick,Direct,Mid-Market,81003.56,23,13,6,12,2706.51,0.31352371179303273
2025-01,EMEA,RoboPick,Direct,Enterprise,82284.92,15,9,4,14,1872.46,0.313487099505229
2025-01,EMEA,RoboPick,Reseller,SMB,85386.47,23,10,4,4,2646.77,0.2527601648351964
2025-01,EMEA,RoboPick,Reseller,Mid-Market,85781.95,8,3,1,2,1660.06,0.29326812175273487
2025-01,EMEA,RoboPick,Reseller,Enterprise,84410.53,5,3,1,3,1864.13,0.2832434662669544
2025-01,EMEA,RoboPick,Online,SMB,83530.47,23,7,1,1,3160.61,0.2327176675646754
2025-01,EMEA,RoboPick,Online,Mid-Market,80918.96,16,9,4,7,2071.88,0.19326958720343612
2025-01,EMEA,RoboPick,Online,Enterprise,85001.05,16,9,3,10,1755.28,0.271699663674821
2025-01,Americas,OmniRetail,Direct,SMB,28824.13,45,17,3,4,4031.53,0.32498676228608714
2025-01,Americas,OmniRetail,Direct,Mid-Market,30413.32,25,7,3,5,2656.63,0.24575590261583996
2025-01,Americas,OmniRetail,Direct,Enterprise,30249.39,21,8,5,17,2664.86,0.207256212798556
2025-01,Americas,OmniRetail,Reseller,SMB,28562.8,35,22,7,8,2788.44,0.4077816493756178
2025-01,Americas,OmniRetail,Reseller,Mid-Market,29736.84,27,15,6,12,3088.01,0.39770811328633926
2025-01,Americas,OmniRetail,Reseller,Enterprise,28985.77,10,7,2,6,2595.18,0.29006211538094206
2025-01,Americas,OmniRetail,Online,SMB,30444.7,47,19,6,6,3780.36,0.21867314981326264
2025-01,Americas,OmniRetail,Online,Mid-Market,29704.39,36,22,8,17,2931.96,0.22828237418404532
2025-01,Americas,OmniRetail,Online,Enterprise,29536.44,8,4,3,9,2053.0,0.37143291566061576
2025-01,Americas,FulfillPro,Direct,SMB,49663.86,40,21,4,3,3395.43,0.30183053336294946
2025-01,Americas,FulfillPro,Direct,Mid-Market,48885.35,31,11,6,13,3239.36,0.3257361546089623
2025-01,Americas,FulfillPro,Direct,Enterprise,50861.25,12,2,1,4,2462.94,0.19806523488681888
2025-01,Americas,FulfillPro,Reseller,SMB,50497.31,29,11,4,3,3328.31,0.30007632170900855
2025-01,Americas,FulfillPro,Reseller,Mid-Market,51498.92,18,3,1,2,2845.46,0.3750923453532783
2025-01,Americas,FulfillPro,Reseller,Enterprise,48602.44,14,7,3,9,2394.38,0.3441250852134257
2025-01,Americas,FulfillPro,Online,SMB,48316.83,55,26,6,6,3706.65,0.2815394894148357
2025-01,Americas,FulfillPro,Online,Mid-Market,48226.63,27,11,2,5,2551.66,0.47317832147009975
2025-01,Americas,FulfillPro,Online,Enterprise,47990.04,12,5,4,10,1681.14,0.41141183865112063
2025-01,Americas,RoboPick,Direct,SMB,76986.27,38,13,3,3,3357.01,0.23688080335389783
2025-01,Americas,RoboPick,Direct,Mid-Market,81363.47,19,6,1,2,2536.63,0.12366118348958052
2025-01,Americas,RoboPick,Direct,Enterprise,80794.88,5,2,1,4,1624.66,0.21908689637150544
2025-01,Americas,RoboPick,Reseller,SMB,79800.72,15,4,2,2,2087.83,0.21788099724594046
2025-01,Americas,RoboPick,Reseller,Mid-Market,79277.38,9,5,1,2,1805.01,0.25307187411286514
2025-01,Americas,RoboPick,Reseller,Enterprise,82931.39,5,2,2,7,1900.99,0.1451418094103043
2025-01,Americas,RoboPick,Online,SMB,81403.65,32,13,10,9,2793.17,0.10040375078019537
2025-01,Americas,RoboPick,Online,Mid-Market,77291.66,27,10,3,6,3015.58,0.18692140530163934
2025-01,Americas,RoboPick,Online,Enterprise,78089.3,5,3,2,6,1871.63,0.24037839513731016
2025-02,India,OmniRetail,Direct,SMB,27268.11,56,29,7,7,4391.21,0.2978504652776122
2025-02,India,OmniRetail,Direct,Mid-Market,25896.84,32,12,3,6,3431.19,0.30738469209937086
2025-02,India,OmniRetail,Direct,Enterprise,27837.43,16,8,5,16,2596.1,0.36445908076293365
2025-02,India,OmniRetail,Reseller,SMB,27148.86,42,18,4,4,3847.37,0.26170303640829035
2025-02,India,OmniRetail,Reseller,Mid-Market,26730.84,22,7,1,2,2429.69,0.22238954248775425
2025-02,India,OmniRetail,Reseller,Enterprise,28165.7,17,7,4,13,2908.6,0.21123334661161655
2025-02,India,OmniRetail,Online,SMB,26022.94,66,22,6,5,5841.1,0.28635142440279554
2025-02,India,OmniRetail,Online,Mid-Market,28286.71,33,18,5,9,3893.69,0.36491908855499655
2025-02,India,OmniRetail,Online,Enterprise,27202.66,20,10,4,13,2428.55,0.28295069412427215
2025-02,India,FulfillPro,Direct,SMB,43643.84,40,16,5,5,4449.32,0.39584178689437155
2025-02,India,FulfillPro,Direct,Mid-Market,44276.58,34,18,10,19,2909.85,0.3722036669161373
2025-02,India,FulfillPro,Direct,Enterprise,46607.54,9,3,1,3,1713.15,0.3627643865514596
2025-02,India,FulfillPro,Reseller,SMB,43289.79,36,18,7,7,3579.43,0.2248113404977349
2025-02,India,FulfillPro,Reseller,Mid-Market,46613.28,21,11,7,13,2628.0,0.3854253236750878
2025-02,India,FulfillPro,Reseller,Enterprise,44889.64,13,8,1,3,2234.55,0.3543724458809309
2025-02,India,FulfillPro,Online,SMB,44824.04,54,24,9,9,5332.07,0.2989678832751773
2025-02,India,FulfillPro,Online,Mid-Market,46014.17,30,17,6,14,2709.11,0.41344209832269346
2025-02,India,FulfillPro,Online,Enterprise,46239.77,13,7,4,11,1812.57,0.2997847577722232
2025-02,India,RoboPick,Direct,SMB,71572.79,30,18,4,4,3497.44,0.1710510510143496
2025-02,India,RoboPick,Direct,Mid-Market,71389.05,13,10,4,8,2469.72,0.2436197798481211
2025-02,India,RoboPick,Direct,Enterprise,72092.7,10,5,1,3,2092.31,0.1110313682218674
2025-02,India,RoboPick,Reseller,SMB,69981.37,24,14,3,3,2875.17,0.2404382660712456
2025-02,India,RoboPick,Reseller,Mid-Market,72089.23,17,6,2,3,2232.73,0.2600835883580092
2025-02,India,RoboPick,Reseller,Enterprise,73264.22,13,4,1,3,2579.91,0.22310652302199102
2025-02,India,RoboPick,Online,SMB,72276.44,35,12,5,4,4299.27,0.24933447976308387
2025-02,India,RoboPick,Online,Mid-Market,68404.31,24,9,3,7,2422.8,0.21682474975796187
2025-02,India,RoboPick,Online,Enterprise,71949.29,10,3,2,7,1605.85,0.17629337012405424
2025-02,EMEA,OmniRetail,Direct,SMB,30315.11,37,13,3,3,3467.72,0.2669668840974907
2025-02,EMEA,OmniRetail,Direct,Mid-Market,29966.67,29,13,3,7,3374.69,0.2752551709070112
2025-02,EMEA,OmniRetail,Direct,Enterprise,32102.43,7,2,1,3,1625.5,0.2039837337297774
2025-02,EMEA,OmniRetail,Reseller,SMB,31113.69,41,21,7,6,3188.44,0.32521149257369947
2025-02,EMEA,OmniRetail,Reseller,Mid-Market,32330.07,20,6,4,7,2846.47,0.2289581665066464
2025-02,EMEA,OmniRetail,Reseller,Enterprise,32815.59,15,6,1,4,2624.79,0.3292536178252031
2025-02,EMEA,OmniRetail,Online,SMB,31128.69,45,19,6,7,3175.25,0.2761465340704967
2025-02,EMEA,OmniRetail,Online,Mid-Market,30567.88,28,12,4,9,3314.93,0.3496937814110774
2025-02,EMEA,OmniRetail,Online,Enterprise,31143.44,11,6,2,5,1613.75,0.29092204678604866
2025-02,EMEA,FulfillPro,Direct,SMB,54736.81,33,18,4,4,3445.91,0.33706342528591865
2025-02,EMEA,FulfillPro,Direct,Mid-Market,50747.7,25,11,4,7,3015.21,0.40976709289466773
2025-02,EMEA,FulfillPro,Direct,Enterprise,52316.44,15,5,1,3,2446.05,0.364580283323264
2025-02,EMEA,FulfillPro,Reseller,SMB,54650.13,28,13,4,4,3360.1,0.38217745457103136
2025-02,EMEA,FulfillPro,Reseller,Mid-Market,53146.85,15,8,4,9,2738.83,0.41009790951251357
2025-02,EMEA,FulfillPro,Reseller,Enterprise,51749.16,5,4,2,7,1481.63,0.2934465196524874
2025-02,EMEA,FulfillPro,Online,SMB,54953.17,44,26,10,9,4661.1,0.2993035136843902
2025-02,EMEA,FulfillPro,Online,Mid-Market,50523.11,22,10,3,6,2016.89,0.3634540846721175
2025-02,EMEA,FulfillPro,Online,Enterprise,53714.07,14,7,3,9,2858.7,0.36033526318466225
2025-02,EMEA,RoboPick,Direct,SMB,83106.54,15,8,4,4,2667.59,0.20364587507462556
2025-02,EMEA,RoboPick,Direct,Mid-Market,81190.2,20,6,1,2,2759.31,0.2756911748686346
2025-02,EMEA,RoboPick,Direct,Enterprise,85402.19,5,2,1,3,2218.43,0.235629884678695
2025-02,EMEA,RoboPick,Reseller,SMB,84541.1,21,10,2,2,2384.62,0.2717869376646714
2025-02,EMEA,RoboPick,Reseller,Mid-Market,81413.0,19,11,5,10,2763.39,0.2614946437716454
2025-02,EMEA,RoboPick,Reseller,Enterprise,81360.53,5,3,1,3,1648.99,0.12507407780866076
2025-02,EMEA,RoboPick,Online,SMB,84019.92,26,16,7,8,3032.88,0.2950659672704386
2025-02,EMEA,RoboPick,Online,Mid-Market,87968.68,18,7,3,5,2613.91,0.2716388734861477
2025-02,EMEA,RoboPick,Online,Enterprise,86257.48,7,2,1,3,1869.82,0.2879996095642743
2025-02,Americas,OmniRetail,Direct,SMB,30212.72,53,21,7,7,3964.09,0.2947145253582556
2025-02,Americas,OmniRetail,Direct,Mid-Market,29866.95,28,8,2,4,3282.67,0.34812770751708716
2025-02,Americas,OmniRetail,Direct,Enterprise,30139.22,7,5,3,9,1675.72,0.2586668674454757
2025-02,Americas,OmniRetail,Reseller,SMB,30549.34,39,20,7,6,4226.77,0.3235984230003194
2025-02,Americas,OmniRetail,Reseller,Mid-Market,30370.52,25,12,5,12,2408.16,0.28577928179924234
2025-02,Americas,OmniRetail,Reseller,Enterprise,30349.87,13,8,3,8,1861.9,0.25771629386334693
2025-02,Americas,OmniRetail,Online,SMB,29776.52,51,30,8,9,3926.1,0.2816628533359012
2025-02,Americas,OmniRetail,Online,Mid-Market,28901.09,35,18,6,14,4133.59,0.30478808904352395
2025-02,Americas,OmniRetail,Online,Enterprise,30795.95,15,6,2,6,2223.03,0.3132935084174526
2025-02,Americas,FulfillPro,Direct,SMB,50713.89,43,16,4,5,4622.42,0.3032697774307739
2025-02,Americas,FulfillPro,Direct,Mid-Market,49131.1,31,13,7,12,3337.01,0.36391052552809083
2025-02,Americas,FulfillPro,Direct,Enterprise,49499.92,5,2,1,3,1791.92,0.2365993897290234
2025-02,Americas,FulfillPro,Reseller,SMB,50958.6,40,21,7,6,3432.01,0.4493724951234377
2025-02,Americas,FulfillPro,Reseller,Mid-Market,51489.02,20,8,4,8,2775.51,0.3502537915396491
2025-02,Americas,FulfillPro,Reseller,Enterprise,47843.77,5,4,2,6,1699.62,0.36461181225118067
2025-02,Americas,FulfillPro,Online,SMB,48954.38,46,25,13,13,4345.64,0.3550500938111417
2025-02,Americas,FulfillPro,Online,Mid-Market,48330.92,25,8,3,5,3189.47,0.3072816063644646
2025-02,Americas,FulfillPro,Online,Enterprise,47983.47,5,4,4,10,1589.89,0.3294272683065461
2025-02,Americas,RoboPick,Direct,SMB,82095.12,27,11,5,4,3236.42,0.2462126192133251
2025-02,Americas,RoboPick,Direct,Mid-Market,80071.67,8,5,4,9,1707.37,0.15606111810366424
2025-02,Americas,RoboPick,Direct,Enterprise,79516.5,5,2,1,3,1535.36,0.21242108342901958
2025-02,Americas,RoboPick,Reseller,SMB,82485.47,19,7,4,3,2391.9,0.13843979370039655
2025-02,Americas,RoboPick,Reseller,Mid-Market,78300.09,12,4,2,5,2207.08,0.22109404173439148
2025-02,Americas,RoboPick,Reseller,Enterprise,80350.3,5,4,2,5,1819.41,0.3207107613879054
2025-02,Americas,RoboPick,Online,SMB,79873.38,40,14,4,4,4129.31,0.17923242012953317
2025-02,Americas,RoboPick,Online,Mid-Market,81186.38,26,9,2,3,2884.17,0.15741290632342778
2025-02,Americas,RoboPick,Online,Enterprise,81744.11,8,5,3,9,1501.74,0.18450248967045385
2025-03,India,OmniRetail,Direct,SMB,26516.69,41,20,12,12,3974.86,0.28249448206448774
2025-03,India,OmniRetail,Direct,Mid-Market,26975.75,37,10,3,6,3028.27,0.2685761218337147
2025-03,India,OmniRetail,Direct,Enterprise,27477.56,6,2,1,3,1847.68,0.3583860936609043
2025-03,India,OmniRetail,Reseller,SMB,25846.2,38,21,4,5,3094.79,0.2874919073675755
2025-03,India,OmniRetail,Reseller,Mid-Market,27550.88,30,20,5,10,2762.39,0.2524485931730872
2025-03,India,OmniRetail,Reseller,Enterprise,26370.35,12,8,1,3,2439.86,0.3439173301505907
2025-03,India,OmniRetail,Online,SMB,25676.53,63,27,5,5,4622.73,0.3676745395952141
2025-03,India,OmniRetail,Online,Mid-Market,27520.88,44,20,6,13,4288.49,0.3540319846398955
2025-03,India,OmniRetail,Online,Enterprise,26930.97,21,8,3,8,2629.59,0.2612656756778763
2025-03,India,FulfillPro,Direct,SMB,44146.06,44,23,6,6,3504.06,0.3516388027910863
2025-03,India,FulfillPro,Direct,Mid-Market,46385.81,21,8,1,2,2437.66,0.39295236468145756
2025-03,India,FulfillPro,Direct,Enterprise,45625.33,16,8,3,7,2114.11,0.47587636034794584
2025-03,India,FulfillPro,Reseller,SMB,43404.82,37,10,2,2,3981.8,0.38876037122687307
2025-03,India,FulfillPro,Reseller,Mid-Market,43255.79,17,8,3,5,1962.63,0.36057138935016153
2025-03,India,FulfillPro,Reseller,Enterprise,43256.26,6,2,1,3,1647.56,0.38511796619098027
2025-03,India,FulfillPro,Online,SMB,45885.1,45,14,7,6,4615.57,0.2921479957146053
2025-03,India,FulfillPro,Online,Mid-Market,46468.76,39,24,4,8,3840.1,0.40081292623309484
2025-03,India,FulfillPro,Online,Enterprise,43047.25,12,5,1,3,2190.18,0.3865343213752779
2025-03,India,RoboPick,Direct,SMB,69301.81,19,9,3,3,2173.44,0.30675217862104875
2025-03,India,RoboPick,Direct,Mid-Market,74313.07,24,14,2,4,2557.45,0.11617191885253247
2025-03,India,RoboPick,Direct,Enterprise,71553.92,9,2,1,3,1998.92,0.2908138125050578
2025-03,India,RoboPick,Reseller,SMB,72632.15,25,11,2,2,2647.76,0.22014565010144715
2025-03,India,RoboPick,Reseller,Mid-Market,68591.58,15,8,3,5,2556.5,0.17001229871333162
2025-03,India,RoboPick,Reseller,Enterprise,73268.61,13,7,1,3,2817.59,0.1806150509953686
2025-03,India,RoboPick,Online,SMB,73463.6,31,11,4,4,3072.26,0.32702901159121367
2025-03,India,RoboPick,Online,Mid-Market,72574.51,26,11,6,10,2882.09,0.313233493137753
2025-03,India,RoboPick,Online,Enterprise,69455.62,6,2,1,3,1589.15,0.21532475339003737
2025-03,EMEA,OmniRetail,Direct,SMB,33024.88,45,19,6,6,3489.35,0.3646108886794608
2025-03,EMEA,OmniRetail,Direct,Mid-Market,31993.17,31,9,5,8,3252.25,0.32276432385630655
2025-03,EMEA,OmniRetail,Direct,Enterprise,30218.0,10,7,1,3,1547.82,0.36346885084924774
2025-03,EMEA,OmniRetail,Reseller,SMB,30450.57,41,14,4,3,4597.66,0.24613019601446223
2025-03,EMEA,OmniRetail,Reseller,Mid-Market,30047.87,28,11,5,9,3393.65,0.36865758411359634
2025-03,EMEA,OmniRetail,Reseller,Enterprise,33029.64,14,11,5,18,2092.02,0.2472915719194764
2025-03,EMEA,OmniRetail,Online,SMB,31303.96,50,26,10,10,4227.69,0.3459745785024306
2025-03,EMEA,OmniRetail,Online,Mid-Market,31919.51,33,16,4,9,3291.0,0.2965565578199074
2025-03,EMEA,OmniRetail,Online,Enterprise,31802.54,20,5,2,6,1881.38,0.33932422979101423
2025-03,EMEA,FulfillPro,Direct,SMB,52515.1,34,19,11,13,3306.76,0.276248984131975
2025-03,EMEA,FulfillPro,Direct,Mid-Market,51671.68,19,5,2,3,2949.07,0.31493268248897366
2025-03,EMEA,FulfillPro,Direct,Enterprise,50506.99,5,5,1,2,2215.88,0.3998970071708242
2025-03,EMEA,FulfillPro,Reseller,SMB,53220.84,34,15,4,4,2793.65,0.40513489127949975
2025-03,EMEA,FulfillPro,Reseller,Mid-Market,54529.63,18,8,4,8,2546.21,0.42747643034095273
2025-03,EMEA,FulfillPro,Reseller,Enterprise,51555.08,5,4,1,3,1438.42,0.37935527210457964
2025-03,EMEA,FulfillPro,Online,SMB,49914.18,41,18,6,6,3877.97,0.3314210171607163
2025-03,EMEA,FulfillPro,Online,Mid-Market,53172.16,35,13,3,5,3687.06,0.42569115515213096
2025-03,EMEA,FulfillPro,Online,Enterprise,51758.4,13,6,1,3,2388.49,0.1751446406109835
2025-03,EMEA,RoboPick,Direct,SMB,83935.88,39,21,8,8,3248.95,0.3333414617777657
2025-03,EMEA,RoboPick,Direct,Mid-Market,80886.8,17,7,3,6,1970.81,0.2874044282967949
2025-03,EMEA,RoboPick,Direct,Enterprise,85767.54,5,2,1,4,1780.11,0.22172105673093292
2025-03,EMEA,RoboPick,Reseller,SMB,86325.3,13,7,2,2,2397.13,0.18669353947117304
2025-03,EMEA,RoboPick,Reseller,Mid-Market,81807.58,6,5,3,5,1701.76,0.2080302867899414
2025-03,EMEA,RoboPick,Reseller,Enterprise,86436.7,5,2,1,3,1337.3,0.28161387541994765
2025-03,EMEA,RoboPick,Online,SMB,83214.29,22,10,3,4,2873.29,0.2846787114183734
2025-03,EMEA,RoboPick,Online,Mid-Market,80218.83,21,8,2,5,2472.02,0.27141836555601556
2025-03,EMEA,RoboPick,Online,Enterprise,79911.56,16,4,2,7,2359.73,0.25670794949220327
2025-03,Americas,OmniRetail,Direct,SMB,30444.77,44,21,9,8,3859.94,0.30116064424870526
2025-03,Americas,OmniRetail,Direct,Mid-Market,30911.08,24,16,6,11,3527.78,0.3020404857736888
2025-03,Americas,OmniRetail,Direct,Enterprise,29753.95,5,3,1,3,2184.15,0.23483242204911542
2025-03,Americas,OmniRetail,Reseller,SMB,30866.74,41,14,5,5,3566.64,0.3176982873425293
2025-03,Americas,OmniRetail,Reseller,Mid-Market,30601.04,27,14,4,7,2800.48,0.31497289137588463
2025-03,Americas,OmniRetail,Reseller,Enterprise,31044.61,16,10,4,11,2348.53,0.3011628742618815
2025-03,Americas,OmniRetail,Online,SMB,29215.01,63,32,9,9,5507.06,0.2412900272480036
2025-03,Americas,OmniRetail,Online,Mid-Market,29421.26,32,12,3,6,2636.9,0.3158560962987382
2025-03,Americas,OmniRetail,Online,Enterprise,29230.4,25,14,5,14,3102.84,0.29655627809555785
2025-03,Americas,FulfillPro,Direct,SMB,48524.9,43,11,4,4,3729.45,0.32483391484048696
2025-03,Americas,FulfillPro,Direct,Mid-Market,48133.19,23,14,5,12,2536.21,0.2975338610996049
2025-03,Americas,FulfillPro,Direct,Enterprise,48825.24,13,6,3,11,1834.13,0.2869626006903319
2025-03,Americas,FulfillPro,Reseller,SMB,50198.31,32,18,5,6,2372.41,0.3044740845238775
2025-03,Americas,FulfillPro,Reseller,Mid-Market,48042.0,19,11,4,8,3042.44,0.3818585397178454
2025-03,Americas,FulfillPro,Reseller,Enterprise,47751.61,8,3,1,3,1522.44,0.35893260823506146
2025-03,Americas,FulfillPro,Online,SMB,48773.32,44,24,6,6,3812.82,0.3004332804971275
2025-03,Americas,FulfillPro,Online,Mid-Market,48488.45,27,15,7,12,2931.74,0.4316069540108187
2025-03,Americas,FulfillPro,Online,Enterprise,50987.16,10,7,1,3,2375.59,0.40806956144151224
2025-03,Americas,RoboPick,Direct,SMB,81626.24,28,10,2,2,3378.16,0.22154930949376211
2025-03,Americas,RoboPick,Direct,Mid-Market,79972.12,14,10,3,5,2012.76,0.17684293200866838
2025-03,Americas,RoboPick,Direct,Enterprise,82387.63,13,7,2,5,1986.2,0.18893414145538281
2025-03,Americas,RoboPick,Reseller,SMB,80432.79,18,9,3,3,2192.93,0.32951656542622226
2025-03,Americas,RoboPick,Reseller,Mid-Market,77334.3,16,7,4,8,2742.87,0.2683145875918812
2025-03,Americas,RoboPick,Reseller,Enterprise,82690.33,5,2,1,3,1352.8,0.11852476893008315
2025-03,Americas,RoboPick,Online,SMB,78424.53,32,20,12,10,3242.7,0.32379942210632096
2025-03,Americas,RoboPick,Online,Mid-Market,82614.94,32,15,7,12,3582.34,0.16992336358538607
2025-03,Americas,RoboPick,Online,Enterprise,77142.29,5,3,3,9,2210.12,0.3136053843945199
2025-04,India,OmniRetail,Direct,SMB,27763.89,56,28,11,10,4468.93,0.28585732530859986
2025-04,India,OmniRetail,Direct,Mid-Market,26626.77,30,16,5,11,3342.56,0.21756991050608038
2025-04,India,OmniRetail,Direct,Enterprise,27318.88,8,5,2,5,1988.03,0.39814786836814886
2025-04,India,OmniRetail,Reseller,SMB,25751.43,38,14,5,4,3875.68,0.33400630357105077
2025-04,India,OmniRetail,Reseller,Mid-Market,26318.15,18,10,3,5,2719.4,0.27279515349696876
2025-04,India,OmniRetail,Reseller,Enterprise,25751.33,9,7,1,3,2434.46,0.3440128688103519
2025-04,India,OmniRetail,Online,SMB,26298.66,63,29,7,7,4863.4,0.32388883590735223
2025-04,India,OmniRetail,Online,Mid-Market,28175.91,30,18,8,15,3230.34,0.30087053995575924
2025-04,India,OmniRetail,Online,Enterprise,26405.37,17,9,4,13,2056.27,0.2587970794198023
2025-04,India,FulfillPro,Direct,SMB,45828.94,51,23,6,7,4593.65,0.34867790815974375
2025-04,India,FulfillPro,Direct,Mid-Market,46604.57,25,11,2,4,2496.2,0.35116749533113295
2025-04,India,FulfillPro,Direct,Enterprise,43012.07,5,3,3,9,1675.41,0.4464546983839706
2025-04,India,FulfillPro,Reseller,SMB,46235.94,31,16,8,8,3315.5,0.35604746435868834
2025-04,India,FulfillPro,Reseller,Mid-Market,43036.21,13,2,2,4,2576.25,0.4894803983511691
2025-04,India,FulfillPro,Reseller,Enterprise,43943.53,11,3,1,3,2615.2,0.452246124683547
2025-04,India,FulfillPro,Online,SMB,45710.77,56,18,9,10,5271.67,0.35408433615491725
2025-04,India,FulfillPro,Online,Mid-Market,45551.59,33,13,4,8,2524.79,0.3548649525740494
2025-04,India,FulfillPro,Online,Enterprise,44598.67,16,7,3,8,2710.52,0.31463285600367685
2025-04,India,RoboPick,Direct,SMB,71816.06,29,7,2,2,2253.44,0.20898194306281676
2025-04,India,RoboPick,Direct,Mid-Market,74487.68,22,14,2,4,2915.87,0.3006303705785042
2025-04,India,RoboPick,Direct,Enterprise,68879.95,10,5,2,5,1724.39,0.2104576435066813
2025-04,India,RoboPick,Reseller,SMB,68942.97,22,9,6,5,2714.55,0.25740878854987564
2025-04,India,RoboPick,Reseller,Mid-Market,71962.75,14,8,6,11,2155.31,0.21824793941130924
2025-04,India,RoboPick,Reseller,Enterprise,73879.24,5,2,1,2,1673.24,0.1255215977472179
2025-04,India,RoboPick,Online,SMB,71182.53,31,14,6,6,3192.94,0.19028956240604575
2025-04,India,RoboPick,Online,Mid-Market,73724.86,25,10,6,14,2734.12,0.13269707378090304
2025-04,India,RoboPick,Online,Enterprise,71164.94,5,2,1,3,2077.16,0.21452291267188633
2025-04,EMEA,OmniRetail,Direct,SMB,31077.99,40,15,5,5,4091.81,0.34624501257712725
2025-04,EMEA,OmniRetail,Direct,Mid-Market,30245.82,30,12,3,5,3055.31,0.3302572712030563
2025-04,EMEA,OmniRetail,Direct,Enterprise,32502.84,10,4,1,3,2259.33,0.24427247511285247
2025-04,EMEA,OmniRetail,Reseller,SMB,31939.03,37,18,6,6,3762.05,0.2845832924926931
2025-04,EMEA,OmniRetail,Reseller,Mid-Market,30768.16,17,8,3,7,2788.0,0.33926586162633726
2025-04,EMEA,OmniRetail,Reseller,Enterprise,30716.25,10,7,1,3,1631.15,0.2676855796022025
2025-04,EMEA,OmniRetail,Online,SMB,30970.8,54,19,10,11,4517.98,0.25325883470880084
2025-04,EMEA,OmniRetail,Online,Mid-Market,31989.62,30,15,5,10,3274.27,0.3434481935588698
2025-04,EMEA,OmniRetail,Online,Enterprise,32413.91,18,3,1,2,2514.64,0.22423381345808613
2025-04,EMEA,FulfillPro,Direct,SMB,52873.87,37,17,7,6,3686.35,0.4318025908123004
2025-04,EMEA,FulfillPro,Direct,Mid-Market,50392.37,20,9,4,9,2648.15,0.39552946496981656
2025-04,EMEA,FulfillPro,Direct,Enterprise,53929.4,10,4,1,3,2250.24,0.29890026953993637
2025-04,EMEA,FulfillPro,Reseller,SMB,52288.07,38,10,6,7,3708.36,0.33438145752371373
2025-04,EMEA,FulfillPro,Reseller,Mid-Market,53440.65,13,6,2,5,2541.72,0.3626181824133197
2025-04,EMEA,FulfillPro,Reseller,Enterprise,54268.53,5,2,1,3,2285.05,0.3347031817757846
2025-04,EMEA,FulfillPro,Online,SMB,54994.21,38,12,5,6,3666.11,0.3019083445937275
2025-04,EMEA,FulfillPro,Online,Mid-Market,53743.17,23,13,4,7,3222.14,0.3756688637091742
2025-04,EMEA,FulfillPro,Online,Enterprise,54803.28,10,4,2,7,2492.11,0.3520417751808008
2025-04,EMEA,RoboPick,Direct,SMB,87877.54,31,13,3,3,2628.99,0.19570313002371603
2025-04,EMEA,RoboPick,Direct,Mid-Market,86011.59,12,3,1,2,1967.18,0.1601531998836551
2025-04,EMEA,RoboPick,Direct,Enterprise,87019.82,11,2,1,4,2156.45,0.24592771709803107
2025-04,EMEA,RoboPick,Reseller,SMB,85479.18,22,14,4,4,3078.85,0.21657216564566611
2025-04,EMEA,RoboPick,Reseller,Mid-Market,87483.89,12,7,2,5,1661.26,0.15924826208206747
2025-04,EMEA,RoboPick,Reseller,Enterprise,87430.64,5,2,1,4,1336.59,0.2597019116022852
2025-04,EMEA,RoboPick,Online,SMB,87845.24,35,11,2,2,3013.96,0.2939832568879599
2025-04,EMEA,RoboPick,Online,Mid-Market,85008.01,14,4,1,2,2558.82,0.2554656163753548
2025-04,EMEA,RoboPick,Online,Enterprise,82502.17,5,2,1,3,2213.02,0.3025704359015845
2025-04,Americas,OmniRetail,Direct,SMB,29975.21,43,19,11,10,4682.85,0.29453544837881834
2025-04,Americas,OmniRetail,Direct,Mid-Market,29192.94,22,7,2,3,3260.75,0.27929118713171835
2025-04,Americas,OmniRetail,Direct,Enterprise,29638.1,5,4,1,3,1951.97,0.26200611619710135
2025-04,Americas,OmniRetail,Reseller,SMB,29709.12,41,13,5,4,4136.53,0.21558339596920983
2025-04,Americas,OmniRetail,Reseller,Mid-Market,29451.78,16,11,6,12,2505.77,0.2877923315351817
2025-04,Americas,OmniRetail,Reseller,Enterprise,28909.51,14,8,3,10,2538.54,0.30748512597983607
2025-04,Americas,OmniRetail,Online,SMB,30607.89,44,9,3,3,4553.23,0.36593900144651786
2025-04,Americas,OmniRetail,Online,Mid-Market,30481.41,38,18,8,15,3255.66,0.2769325872613745
2025-04,Americas,OmniRetail,Online,Enterprise,30813.73,11,5,2,7,1646.94,0.39596825640682737
2025-04,Americas,FulfillPro,Direct,SMB,48286.86,43,23,7,7,3706.98,0.4005068464870407
2025-04,Americas,FulfillPro,Direct,Mid-Market,49228.1,21,6,3,7,2270.35,0.39371111861087216
2025-04,Americas,FulfillPro,Direct,Enterprise,48706.22,12,6,2,5,1805.45,0.2598277634790566
2025-04,Americas,FulfillPro,Reseller,SMB,49282.02,28,11,3,2,3298.72,0.3507826024626171
2025-04,Americas,FulfillPro,Reseller,Mid-Market,50428.89,22,11,4,7,2713.0,0.3287788544259796
2025-04,Americas,FulfillPro,Reseller,Enterprise,50730.23,5,2,1,3,2155.24,0.37813868468890804
2025-04,Americas,FulfillPro,Online,SMB,52149.35,55,15,7,7,4488.71,0.26294432653332656
2025-04,Americas,FulfillPro,Online,Mid-Market,48155.07,31,12,5,11,2833.19,0.39140442058019675
2025-04,Americas,FulfillPro,Online,Enterprise,50018.46,5,2,1,2,1801.37,0.23255968465196059
2025-04,Americas,RoboPick,Direct,SMB,81184.82,32,16,6,6,2951.62,0.20656211617193276
2025-04,Americas,RoboPick,Direct,Mid-Market,82684.57,9,2,1,2,1608.42,0.2729592130886495
2025-04,Americas,RoboPick,Direct,Enterprise,79264.32,5,2,1,4,1745.81,0.3082189721072969
2025-04,Americas,RoboPick,Reseller,SMB,76563.69,23,10,4,4,2436.43,0.2555895002619845
2025-04,Americas,RoboPick,Reseller,Mid-Market,82934.84,13,6,2,4,2433.29,0.27859906244803345
2025-04,Americas,RoboPick,Reseller,Enterprise,79544.32,7,2,1,3,2179.71,0.2679071088388864
2025-04,Americas,RoboPick,Online,SMB,81839.11,32,18,3,3,3303.71,0.3315513696498415
2025-04,Americas,RoboPick,Online,Mid-Market,79864.11,26,17,5,9,3110.08,0.3176943869961303
2025-04,Americas,RoboPick,Online,Enterprise,82240.67,6,3,1,3,1606.92,0.16128718378007206
2025-05,India,OmniRetail,Direct,SMB,27013.32,53,25,12,12,4213.23,0.30276038320418047
2025-05,India,OmniRetail,Direct,Mid-Market,28171.77,27,14,4,7,2481.47,0.27949069078523187
2025-05,India,OmniRetail,Direct,Enterprise,26048.13,5,3,1,3,1857.5,0.2899044519307475
2025-05,India,OmniRetail,Reseller,SMB,27970.18,43,24,11,13,3809.35,0.255289933780959
2025-05,India,OmniRetail,Reseller,Mid-Market,27305.56,25,11,3,6,3313.5,0.2637684641257827
2025-05,India,OmniRetail,Reseller,Enterprise,27455.08,16,10,3,7,2217.03,0.23783138568148818
2025-05,India,OmniRetail,Online,SMB,25768.48,65,40,14,11,5449.21,0.33852153009211916
2025-05,India,OmniRetail,Online,Mid-Market,28252.57,35,16,5,9,3097.09,0.15569582700538742
2025-05,India,OmniRetail,Online,Enterprise,25794.66,20,8,3,9,2506.85,0.2799632642216782
2025-05,India,FulfillPro,Direct,SMB,43100.97,44,17,8,9,3392.87,0.3466559636063832
2025-05,India,FulfillPro,Direct,Mid-Market,46744.88,27,10,3,5,3026.6,0.370350654748129
2025-05,India,FulfillPro,Direct,Enterprise,47202.07,8,5,1,2,1984.34,0.365451989187739
2025-05,India,FulfillPro,Reseller,SMB,43622.05,38,15,5,4,3502.75,0.5200097367136564
2025-05,India,FulfillPro,Reseller,Mid-Market,43958.25,23,7,1,2,2905.04,0.3664117262685058
2025-05,India,FulfillPro,Reseller,Enterprise,44868.53,8,5,2,6,2430.23,0.20655307074048573
2025-05,India,FulfillPro,Online,SMB,47005.99,51,23,8,10,4216.94,0.36011080414000574
2025-05,India,FulfillPro,Online,Mid-Market,45356.08,30,16,5,10,3271.08,0.42150427014928565
2025-05,India,FulfillPro,Online,Enterprise,44562.53,18,12,2,6,2127.18,0.36559747961862143
2025-05,India,RoboPick,Direct,SMB,75426.27,24,16,6,5,2589.91,0.28590388045722515
2025-05,India,RoboPick,Direct,Mid-Market,74844.24,18,10,1,2,2340.35,0.26746041174782886
2025-05,India,RoboPick,Direct,Enterprise,75388.81,8,4,1,3,1959.29,0.17783180832128004
2025-05,India,RoboPick,Reseller,SMB,69709.02,17,5,2,2,2437.93,0.32854819851779665
2025-05,India,RoboPick,Reseller,Mid-Market,70629.35,18,7,2,3,2744.2,0.102281217646605
2025-05,India,RoboPick,Reseller,Enterprise,69317.34,5,2,1,3,1371.03,0.2630547721805777
2025-05,India,RoboPick,Online,SMB,69237.17,38,14,4,4,3568.66,0.3560501437459204
2025-05,India,RoboPick,Online,Mid-Market,71044.4,26,13,3,6,3121.07,0.2210595054872358
2025-05,India,RoboPick,Online,Enterprise,68676.22,5,3,1,3,1843.37,0.3443293287941629
2025-05,EMEA,OmniRetail,Direct,SMB,31488.42,42,15,2,2,3867.25,0.25950729021419294
2025-05,EMEA,OmniRetail,Direct,Mid-Market,31718.87,29,14,4,7,2987.51,0.3056239981904312
2025-05,EMEA,OmniRetail,Direct,Enterprise,30954.87,14,6,4,12,2745.26,0.23624954546938193
2025-05,EMEA,OmniRetail,Reseller,SMB,31518.3,40,17,3,3,4001.03,0.25931085232814644
2025-05,EMEA,OmniRetail,Reseller,Mid-Market,30300.71,27,11,4,7,2762.11,0.3424628929719677
2025-05,EMEA,OmniRetail,Reseller,Enterprise,30117.83,11,7,2,5,2624.22,0.19696939980826297
2025-05,EMEA,OmniRetail,Online,SMB,31389.29,48,27,9,10,4277.65,0.3070549008397132
2025-05,EMEA,OmniRetail,Online,Mid-Market,32194.94,32,12,5,8,3654.39,0.34771121169849123
2025-05,EMEA,OmniRetail,Online,Enterprise,32147.31,16,4,2,7,2356.8,0.22790470871156893
2025-05,EMEA,FulfillPro,Direct,SMB,54284.99,45,20,4,4,4673.39,0.4547692267730634
2025-05,EMEA,FulfillPro,Direct,Mid-Market,53155.18,17,9,4,7,2062.8,0.388410178167383
2025-05,EMEA,FulfillPro,Direct,Enterprise,53783.2,5,4,1,3,1783.72,0.31523877002974043
2025-05,EMEA,FulfillPro,Reseller,SMB,52187.28,29,17,7,8,3694.69,0.467396597755143
2025-05,EMEA,FulfillPro,Reseller,Mid-Market,50000.39,30,12,5,8,2937.71,0.33251063472479886
2025-05,EMEA,FulfillPro,Reseller,Enterprise,52981.99,5,2,1,3,1358.29,0.46778515308089025
2025-05,EMEA,FulfillPro,Online,SMB,53137.69,47,25,9,7,4477.17,0.4731884110244724
2025-05,EMEA,FulfillPro,Online,Mid-Market,52822.12,20,9,3,7,2857.51,0.37340923640080714
2025-05,EMEA,FulfillPro,Online,Enterprise,53907.47,24,13,6,15,2809.71,0.386208682500079
2025-05,EMEA,RoboPick,Direct,SMB,85496.23,29,8,3,4,3210.09,0.28207261680737145
2025-05,EMEA,RoboPick,Direct,Mid-Market,80060.88,9,8,2,3,2271.66,0.3268199382323037
2025-05,EMEA,RoboPick,Direct,Enterprise,87814.71,12,2,1,2,2482.68,0.2105672975073346
2025-05,EMEA,RoboPick,Reseller,SMB,83366.41,21,10,2,2,2970.6,0.2647242436723487
2025-05,EMEA,RoboPick,Reseller,Mid-Market,80461.07,6,2,1,2,1512.61,0.26367946982254364
2025-05,EMEA,RoboPick,Reseller,Enterprise,85363.92,5,3,1,3,1911.86,0.2712924281761628
2025-05,EMEA,RoboPick,Online,SMB,81450.11,29,10,5,6,2781.76,0.3029939545185388
2025-05,EMEA,RoboPick,Online,Mid-Market,85839.79,26,12,3,5,3141.8,0.29960217846288884
2025-05,EMEA,RoboPick,Online,Enterprise,80058.93,5,2,1,3,1344.89,0.2513037694593834
2025-05,Americas,OmniRetail,Direct,SMB,30456.79,47,21,7,7,3905.97,0.4325510380013207
2025-05,Americas,OmniRetail,Direct,Mid-Market,31063.71,26,6,1,2,2261.33,0.279324807855922
2025-05,Americas,OmniRetail,Direct,Enterprise,30200.42,11,3,2,7,1938.11,0.3065047484011741
2025-05,Americas,OmniRetail,Reseller,SMB,29740.4,46,19,4,4,4001.12,0.18466115367276204
2025-05,Americas,OmniRetail,Reseller,Mid-Market,29818.52,23,10,5,10,2431.09,0.39164576321281086
2025-05,Americas,OmniRetail,Reseller,Enterprise,30593.97,11,4,1,3,1996.54,0.2990209672592386
2025-05,Americas,OmniRetail,Online,SMB,29094.39,44,19,4,3,3399.4,0.2773729275783931
2025-05,Americas,OmniRetail,Online,Mid-Market,29661.15,33,12,4,8,3005.52,0.3584343071995937
2025-05,Americas,OmniRetail,Online,Enterprise,29700.47,14,6,2,6,2126.78,0.3336391511747265
2025-05,Americas,FulfillPro,Direct,SMB,51924.63,38,20,7,6,3398.95,0.39740092453869075
2025-05,Americas,FulfillPro,Direct,Mid-Market,49564.56,29,8,3,7,2676.92,0.427066223166643
2025-05,Americas,FulfillPro,Direct,Enterprise,47897.94,6,2,1,3,1669.94,0.28614531728400655
2025-05,Americas,FulfillPro,Reseller,SMB,48109.45,28,16,5,5,3133.46,0.4343822243009896
2025-05,Americas,FulfillPro,Reseller,Mid-Market,48204.34,18,5,1,2,2786.34,0.3660019873701243
2025-05,Americas,FulfillPro,Reseller,Enterprise,50149.05,7,5,1,3,2252.14,0.31158087444923505
2025-05,Americas,FulfillPro,Online,SMB,47664.0,46,19,5,5,4315.16,0.3039571516134615
2025-05,Americas,FulfillPro,Online,Mid-Market,48555.03,23,14,6,11,2614.64,0.40404246314251974
2025-05,Americas,FulfillPro,Online,Enterprise,48642.13,19,10,6,19,2231.03,0.33627208953113924
2025-05,Americas,RoboPick,Direct,SMB,81498.26,26,9,2,2,3037.26,0.24421920211034245
2025-05,Americas,RoboPick,Direct,Mid-Market,79585.37,7,4,1,2,1634.94,0.18521162993841023
2025-05,Americas,RoboPick,Direct,Enterprise,82734.47,12,6,3,9,2178.99,0.38225117007317333
2025-05,Americas,RoboPick,Reseller,SMB,81137.68,19,9,4,4,2009.29,0.15715467229785093
2025-05,Americas,RoboPick,Reseller,Mid-Market,78146.21,13,5,4,10,2241.04,0.3057844134886694
2025-05,Americas,RoboPick,Reseller,Enterprise,77875.87,5,3,1,3,1823.93,0.2874337565845946
2025-05,Americas,RoboPick,Online,SMB,80565.32,26,17,5,5,2794.61,0.22943760678320418
2025-05,Americas,RoboPick,Online,Mid-Market,79888.46,25,10,4,8,2377.18,0.16448933412995767
2025-05,Americas,RoboPick,Online,Enterprise,83073.96,7,4,2,5,1904.48,0.2584693248814717
2025-06,India,OmniRetail,Direct,SMB,28318.31,54,25,9,10,3837.36,0.2197754935267297
2025-06,India,OmniRetail,Direct,Mid-Market,26474.08,35,20,10,20,4085.79,0.2978210439950448
2025-06,India,OmniRetail,Direct,Enterprise,27348.04,5,3,1,3,1872.63,0.2685112299790626
2025-06,India,OmniRetail,Reseller,SMB,25821.55,40,21,7,8,4039.31,0.3049752335585748
2025-06,India,OmniRetail,Reseller,Mid-Market,25709.95,17,6,2,5,2755.97,0.38143947971558656
2025-06,India,OmniRetail,Reseller,Enterprise,27764.88,5,2,1,3,1471.07,0.24836581263464627
2025-06,India,OmniRetail,Online,SMB,26175.94,60,18,7,7,5671.42,0.29100593312049716
2025-06,India,OmniRetail,Online,Mid-Market,25905.87,30,14,5,8,2359.05,0.25308918755859955
2025-06,India,OmniRetail,Online,Enterprise,26716.47,12,4,1,3,1807.89,0.34414327866113326
2025-06,India,FulfillPro,Direct,SMB,44583.32,36,16,3,3,3829.16,0.24908717869864772
2025-06,India,FulfillPro,Direct,Mid-Market,46173.42,21,8,1,2,2407.79,0.32924115014585054
2025-06,India,FulfillPro,Direct,Enterprise,43616.62,11,4,2,7,2370.01,0.28792768214910275
2025-06,India,FulfillPro,Reseller,SMB,44783.41,38,12,4,4,4018.95,0.29024312055300605
2025-06,India,FulfillPro,Reseller,Mid-Market,45798.04,22,10,2,4,2307.87,0.4233679181582333
2025-06,India,FulfillPro,Reseller,Enterprise,47153.28,14,4,2,7,2187.22,0.36053432370292926
2025-06,India,FulfillPro,Online,SMB,43575.56,58,23,10,8,4661.61,0.36251980899499486
2025-06,India,FulfillPro,Online,Mid-Market,45400.21,26,13,2,3,3188.31,0.4275457624602249
2025-06,India,FulfillPro,Online,Enterprise,42830.81,5,2,1,3,1721.57,0.24557793046313087
2025-06,India,RoboPick,Direct,SMB,70265.05,33,16,7,8,3236.44,0.2540873710084391
2025-06,India,RoboPick,Direct,Mid-Market,72756.73,16,6,1,2,2128.63,0.3217271627051788
2025-06,India,RoboPick,Direct,Enterprise,71576.85,9,6,2,5,2202.86,0.24910133358222217
2025-06,India,RoboPick,Reseller,SMB,71729.69,24,11,4,4,3123.87,0.27879981966010225
2025-06,India,RoboPick,Reseller,Mid-Market,73821.5,22,12,3,7,2448.19,0.2632220529302802
2025-06,India,RoboPick,Reseller,Enterprise,72222.19,16,9,2,5,1823.35,0.26325385936488327
2025-06,India,RoboPick,Online,SMB,74087.03,35,14,7,7,3162.36,0.07882338978402081
2025-06,India,RoboPick,Online,Mid-Market,70033.23,22,8,3,5,2683.27,0.3430378355954601
2025-06,India,RoboPick,Online,Enterprise,70799.34,5,3,1,4,1379.45,0.28911303687621803
2025-06,EMEA,OmniRetail,Direct,SMB,31342.23,39,23,10,10,4521.13,0.34122402417816716
2025-06,EMEA,OmniRetail,Direct,Mid-Market,30685.74,30,14,2,3,3038.71,0.41284821112759895
2025-06,EMEA,OmniRetail,Direct,Enterprise,31722.65,12,5,1,3,1903.72,0.2914650942816128
2025-06,EMEA,OmniRetail,Reseller,SMB,30335.52,26,10,7,6,2782.99,0.2789077874250837
2025-06,EMEA,OmniRetail,Reseller,Mid-Market,31236.08,19,9,1,2,2551.51,0.2645219131982077
2025-06,EMEA,OmniRetail,Reseller,Enterprise,31315.87,14,4,1,3,2098.5,0.36508966440936647
2025-06,EMEA,OmniRetail,Online,SMB,32456.16,45,18,9,8,4396.73,0.29489560951049204
2025-06,EMEA,OmniRetail,Online,Mid-Market,32145.47,36,10,2,5,3182.11,0.19625404935407698
2025-06,EMEA,OmniRetail,Online,Enterprise,32337.15,14,2,2,7,2112.3,0.29491737402822876
2025-06,EMEA,FulfillPro,Direct,SMB,55009.47,32,16,9,8,3790.13,0.28330967715793254
2025-06,EMEA,FulfillPro,Direct,Mid-Market,53724.97,19,7,5,9,2356.42,0.29201725437247583
2025-06,EMEA,FulfillPro,Direct,Enterprise,51199.06,7,2,1,3,2404.04,0.40616614611181706
2025-06,EMEA,FulfillPro,Reseller,SMB,49993.15,34,15,4,4,3594.35,0.334672974117109
2025-06,EMEA,FulfillPro,Reseller,Mid-Market,51575.45,23,9,4,8,2901.58,0.3294373627112061
2025-06,EMEA,FulfillPro,Reseller,Enterprise,52571.58,12,6,3,9,2142.75,0.3855222095491988
2025-06,EMEA,FulfillPro,Online,SMB,53442.65,39,21,7,7,3232.21,0.30789497347215283
2025-06,EMEA,FulfillPro,Online,Mid-Market,52720.68,30,12,6,12,3927.04,0.3943727124317563
2025-06,EMEA,FulfillPro,Online,Enterprise,50241.78,5,2,1,3,1474.46,0.30221753149462943
2025-06,EMEA,RoboPick,Direct,SMB,83750.72,22,8,2,2,3219.36,0.26726185642070305
2025-06,EMEA,RoboPick,Direct,Mid-Market,84359.87,26,15,8,18,2800.89,0.24930126706995082
2025-06,EMEA,RoboPick,Direct,Enterprise,83227.37,16,7,1,3,2219.85,0.27556278923469973
2025-06,EMEA,RoboPick,Reseller,SMB,80620.74,24,11,6,7,2131.9,0.22789300747803834
2025-06,EMEA,RoboPick,Reseller,Mid-Market,85568.75,18,4,2,4,2305.57,0.2928541889616357
2025-06,EMEA,RoboPick,Reseller,Enterprise,84875.78,5,2,1,3,1749.08,0.28318010031421914
2025-06,EMEA,RoboPick,Online,SMB,81595.39,25,10,1,1,2560.47,0.1443254452818014
2025-06,EMEA,RoboPick,Online,Mid-Market,87195.54,21,7,2,3,2525.34,0.11043617719664969
2025-06,EMEA,RoboPick,Online,Enterprise,86610.14,7,3,1,3,1614.84,0.28011925944333
2025-06,Americas,OmniRetail,Direct,SMB,28931.5,40,13,5,5,3419.25,0.27461636393845323
2025-06,Americas,OmniRetail,Direct,Mid-Market,29064.18,31,11,1,2,3296.34,0.3479031883260861
2025-06,Americas,OmniRetail,Direct,Enterprise,30985.13,24,16,5,18,2429.8,0.44765977355055486
2025-06,Americas,OmniRetail,Reseller,SMB,29368.49,38,16,6,7,3703.7,0.30034114188238065
2025-06,Americas,OmniRetail,Reseller,Mid-Market,29665.59,33,19,6,11,3901.49,0.2972698886771828
2025-06,Americas,OmniRetail,Reseller,Enterprise,29862.5,5,2,1,3,2239.96,0.26670003671314735
2025-06,Americas,OmniRetail,Online,SMB,28661.8,53,19,7,7,4446.05,0.39271426276582116
2025-06,Americas,OmniRetail,Online,Mid-Market,29975.63,29,12,3,5,2848.43,0.33248664596338423
2025-06,Americas,OmniRetail,Online,Enterprise,29010.46,19,6,1,3,2168.44,0.33575588082235
2025-06,Americas,FulfillPro,Direct,SMB,51789.45,29,11,3,3,3087.56,0.30656550865074356
2025-06,Americas,FulfillPro,Direct,Mid-Market,47788.94,19,11,4,9,2556.8,0.3638394755125014
2025-06,Americas,FulfillPro,Direct,Enterprise,48791.32,5,2,1,3,2264.13,0.3511746057254103
2025-06,Americas,FulfillPro,Reseller,SMB,49231.33,36,16,5,6,3856.31,0.3309325871652613
2025-06,Americas,FulfillPro,Reseller,Mid-Market,47861.74,11,5,4,7,2031.75,0.335482908520533
2025-06,Americas,FulfillPro,Reseller,Enterprise,50057.68,5,3,1,3,1383.42,0.2749036005816612
2025-06,Americas,FulfillPro,Online,SMB,51881.46,61,33,15,13,4207.3,0.3143947633893246
2025-06,Americas,FulfillPro,Online,Mid-Market,48121.73,30,14,5,10,2457.34,0.34818484029647473
2025-06,Americas,FulfillPro,Online,Enterprise,50976.15,21,11,4,10,2668.9,0.36579475530359484
2025-06,Americas,RoboPick,Direct,SMB,76900.03,21,8,1,1,2232.78,0.19989054370824955
2025-06,Americas,RoboPick,Direct,Mid-Market,81517.61,11,5,1,2,2377.32,0.24632623748788138
2025-06,Americas,RoboPick,Direct,Enterprise,80628.68,5,2,1,3,2154.62,0.24978965639447956
2025-06,Americas,RoboPick,Reseller,SMB,81029.77,25,13,5,5,3401.71,0.335135084314761
2025-06,Americas,RoboPick,Reseller,Mid-Market,80566.82,18,11,6,12,2042.82,0.08644186899403147
2025-06,Americas,RoboPick,Reseller,Enterprise,83840.42,11,4,1,3,1797.35,0.3480484605331295
2025-06,Americas,RoboPick,Online,SMB,78506.96,36,15,7,7,3329.42,0.2645773811278811
2025-06,Americas,RoboPick,Online,Mid-Market,80518.55,24,12,5,8,2526.91,0.28337854072218954
2025-06,Americas,RoboPick,Online,Enterprise,76093.16,13,7,2,6,2398.68,0.2904181819425174
2025-07,India,OmniRetail,Direct,SMB,27146.67,60,29,5,5,4712.18,0.3399569302700439
2025-07,India,OmniRetail,Direct,Mid-Market,27530.57,26,11,5,8,3275.92,0.38378085023471065
2025-07,India,OmniRetail,Direct,Enterprise,27040.31,14,8,2,6,2607.17,0.23352883082660933
2025-07,India,OmniRetail,Reseller,SMB,27211.22,42,23,9,8,3887.18,0.24106360479131078
2025-07,India,OmniRetail,Reseller,Mid-Market,26475.06,22,5,3,6,2603.6,0.35274829944237235
2025-07,India,OmniRetail,Reseller,Enterprise,27899.84,5,5,2,6,1987.7,0.2449678391921018
2025-07,India,OmniRetail,Online,SMB,27192.56,59,25,4,4,5563.77,0.20085525658219172
2025-07,India,OmniRetail,Online,Mid-Market,26266.56,40,26,14,32,3065.3,0.19360755553265718
2025-07,India,OmniRetail,Online,Enterprise,26005.89,13,7,2,5,2617.45,0.2856640907125727
2025-07,India,FulfillPro,Direct,SMB,43670.27,46,13,6,7,3776.24,0.3920923075015039
2025-07,India,FulfillPro,Direct,Mid-Market,45504.71,33,12,8,14,2819.67,0.2881756557663465
2025-07,India,FulfillPro,Direct,Enterprise,44451.88,20,9,1,4,2937.85,0.39122064256689176
2025-07,India,FulfillPro,Reseller,SMB,45978.32,41,13,6,5,4328.03,0.32326688578928436
2025-07,India,FulfillPro,Reseller,Mid-Market,46629.69,11,7,6,14,2201.26,0.3155245981587175
2025-07,India,FulfillPro,Reseller,Enterprise,47027.66,12,5,2,7,2314.19,0.37967747837445714
2025-07,India,FulfillPro,Online,SMB,45528.09,44,23,9,9,3492.85,0.38854193552301064
2025-07,India,FulfillPro,Online,Mid-Market,45198.81,33,18,5,10,3355.19,0.28478148478096366
2025-07,India,FulfillPro,Online,Enterprise,45620.69,13,3,1,3,2188.54,0.41472314304818086
2025-07,India,RoboPick,Direct,SMB,68947.92,29,12,5,4,2598.18,0.1940282132923844
2025-07,India,RoboPick,Direct,Mid-Market,73268.22,22,10,3,5,3064.28,0.24542015199755388
2025-07,India,RoboPick,Direct,Enterprise,68947.81,11,3,1,4,2292.32,0.1774112681765253
2025-07,India,RoboPick,Reseller,SMB,74957.72,26,10,3,3,2827.81,0.2460063070873326
2025-07,India,RoboPick,Reseller,Mid-Market,74810.18,16,7,4,8,2561.11,0.23314440254753355
2025-07,India,RoboPick,Reseller,Enterprise,69123.82,5,4,1,2,1964.4,0.23018981992354354
2025-07,India,RoboPick,Online,SMB,71641.91,43,19,9,9,3284.86,0.3635207061993817
2025-07,India,RoboPick,Online,Mid-Market,69617.22,23,8,2,4,2584.36,0.20536843665262505
2025-07,India,RoboPick,Online,Enterprise,70416.97,11,4,1,3,1777.36,0.2795901900543302
2025-07,EMEA,OmniRetail,Direct,SMB,31629.74,44,17,6,5,2871.09,0.25235626457783866
2025-07,EMEA,OmniRetail,Direct,Mid-Market,30622.73,30,15,7,13,3209.66,0.38822593818075224
2025-07,EMEA,OmniRetail,Direct,Enterprise,31516.27,22,8,3,10,2512.66,0.2721631218309355
2025-07,EMEA,OmniRetail,Reseller,SMB,31083.72,38,12,3,3,3252.93,0.2508997509998248
2025-07,EMEA,OmniRetail,Reseller,Mid-Market,31275.48,19,9,5,10,2806.23,0.3408205546791795
2025-07,EMEA,OmniRetail,Reseller,Enterprise,32181.9,5,2,1,3,1469.24,0.3565830867964077
2025-07,EMEA,OmniRetail,Online,SMB,32324.49,52,22,10,11,4169.36,0.27333134800853837
2025-07,EMEA,OmniRetail,Online,Mid-Market,32407.57,35,18,5,8,3439.91,0.27947120621259236
2025-07,EMEA,OmniRetail,Online,Enterprise,31516.27,15,7,1,3,2644.68,0.3723952451882525
2025-07,EMEA,FulfillPro,Direct,SMB,51439.39,37,17,6,7,2793.83,0.2864859033046086
2025-07,EMEA,FulfillPro,Direct,Mid-Market,55117.74,13,6,2,5,2338.79,0.24766690454602364
2025-07,EMEA,FulfillPro,Direct,Enterprise,52012.66,8,3,1,3,1910.55,0.24400407683516304
2025-07,EMEA,FulfillPro,Reseller,SMB,50247.08,28,8,2,2,2886.88,0.39694236621752976
2025-07,EMEA,FulfillPro,Reseller,Mid-Market,53955.23,26,12,5,12,3106.83,0.42836368771056355
2025-07,EMEA,FulfillPro,Reseller,Enterprise,51430.83,13,7,2,6,2032.8,0.2948223836937465
2025-07,EMEA,FulfillPro,Online,SMB,53162.79,40,15,4,4,2964.58,0.42089378821292545
2025-07,EMEA,FulfillPro,Online,Mid-Market,49978.34,24,11,3,6,2976.68,0.4002722250600673
2025-07,EMEA,FulfillPro,Online,Enterprise,54154.7,5,2,1,4,2227.08,0.37091424465770434
2025-07,EMEA,RoboPick,Direct,SMB,85039.53,22,7,4,5,2070.03,0.1592796212763054
2025-07,EMEA,RoboPick,Direct,Mid-Market,83699.89,14,6,1,2,2195.73,0.22763546535827864
2025-07,EMEA,RoboPick,Direct,Enterprise,84915.59,14,7,2,5,1841.36,0.2890053344848987
2025-07,EMEA,RoboPick,Reseller,SMB,85850.71,28,20,6,6,2960.22,0.33877163221111106
2025-07,EMEA,RoboPick,Reseller,Mid-Market,80593.48,17,9,3,7,3133.4,0.2632068323980871
2025-07,EMEA,RoboPick,Reseller,Enterprise,84782.51,10,4,2,5,1801.97,0.19642348191222028
2025-07,EMEA,RoboPick,Online,SMB,87748.62,28,9,6,5,3373.52,0.21895822065146603
2025-07,EMEA,RoboPick,Online,Mid-Market,80407.08,24,8,4,9,2991.33,0.2527917079560225
2025-07,EMEA,RoboPick,Online,Enterprise,80660.11,5,2,1,3,1260.56,0.30949883010487417
2025-07,Americas,OmniRetail,Direct,SMB,28901.82,40,18,6,5,4536.75,0.2462672469169616
2025-07,Americas,OmniRetail,Direct,Mid-Market,29690.66,28,10,2,4,2716.35,0.38818083583222296
2025-07,Americas,OmniRetail,Direct,Enterprise,28631.71,5,2,1,3,2071.99,0.2967398112150777
2025-07,Americas,OmniRetail,Reseller,SMB,28813.11,38,22,7,8,4500.51,0.36344935675813067
2025-07,Americas,OmniRetail,Reseller,Mid-Market,30724.81,25,13,2,4,2620.13,0.2197928879349792
2025-07,Americas,OmniRetail,Reseller,Enterprise,30494.42,14,3,1,3,1879.11,0.27818627732684587
2025-07,Americas,OmniRetail,Online,SMB,30516.79,55,24,4,4,5021.7,0.3007155588462886
2025-07,Americas,OmniRetail,Online,Mid-Market,30188.07,29,12,3,6,3177.67,0.2600022830592813
2025-07,Americas,OmniRetail,Online,Enterprise,30733.81,19,9,1,3,2006.38,0.2467286575513676
2025-07,Americas,FulfillPro,Direct,SMB,50399.84,44,21,4,4,4080.18,0.4426665259324559
2025-07,Americas,FulfillPro,Direct,Mid-Market,48990.21,14,6,2,4,2556.47,0.42783495201116317
2025-07,Americas,FulfillPro,Direct,Enterprise,51217.51,9,4,1,3,2312.67,0.41894822290811207
2025-07,Americas,FulfillPro,Reseller,SMB,49754.52,28,15,3,2,2970.95,0.41701208973624426
2025-07,Americas,FulfillPro,Reseller,Mid-Market,48859.3,21,8,3,5,2665.37,0.25723446078177964
2025-07,Americas,FulfillPro,Reseller,Enterprise,48522.42,6,2,2,7,1399.17,0.37509133786573456
2025-07,Americas,FulfillPro,Online,SMB,47591.78,50,21,8,9,4105.49,0.39852922413667097
2025-07,Americas,FulfillPro,Online,Mid-Market,52163.9,32,14,5,8,2717.85,0.3891118911615857
2025-07,Americas,FulfillPro,Online,Enterprise,50377.6,19,7,5,13,2434.3,0.30130678739142414
2025-07,Americas,RoboPick,Direct,SMB,79371.02,26,13,4,3,3124.04,0.21039831106535542
2025-07,Americas,RoboPick,Direct,Mid-Market,83503.1,18,8,2,4,2781.27,0.32945111422873347
2025-07,Americas,RoboPick,Direct,Enterprise,80585.19,5,2,1,3,1984.21,0.25074190570819194
2025-07,Americas,RoboPick,Reseller,SMB,82317.39,25,13,5,5,3179.32,0.23310115706470416
2025-07,Americas,RoboPick,Reseller,Mid-Market,81574.36,14,4,2,5,2270.72,0.29224779088295655
2025-07,Americas,RoboPick,Reseller,Enterprise,82333.12,5,2,1,3,1807.98,0.318040030048885
2025-07,Americas,RoboPick,Online,SMB,83932.75,37,20,10,11,3516.63,0.1953094018793877
2025-07,Americas,RoboPick,Online,Mid-Market,83783.16,19,10,4,8,2365.73,0.14467872584079017
2025-07,Americas,RoboPick,Online,Enterprise,80172.8,8,6,1,3,2350.0,0.2913032158427686
2025-08,India,OmniRetail,Direct,SMB,26216.63,46,24,8,7,3755.69,0.24987538305649049
2025-08,India,OmniRetail,Direct,Mid-Market,28177.6,32,15,4,8,3006.1,0.3896893739935396
2025-08,India,OmniRetail,Direct,Enterprise,27591.05,13,4,1,3,1904.79,0.24085137021147163
2025-08,India,OmniRetail,Reseller,SMB,26707.0,47,21,7,8,4071.62,0.27795865147390514
2025-08,India,OmniRetail,Reseller,Mid-Market,26222.48,29,9,5,8,2619.64,0.43161615693660427
2025-08,India,OmniRetail,Reseller,Enterprise,28348.66,13,6,1,3,2739.2,0.43867554029657274
2025-08,India,OmniRetail,Online,SMB,25795.53,60,26,12,14,4083.26,0.32224981256017254
2025-08,India,OmniRetail,Online,Mid-Market,27466.33,34,13,4,8,3006.18,0.1945293930360414
2025-08,India,OmniRetail,Online,Enterprise,27190.86,13,6,1,3,2258.84,0.37045128990355924
2025-08,India,FulfillPro,Direct,SMB,47142.36,58,27,7,6,5045.6,0.3221105986923739
2025-08,India,FulfillPro,Direct,Mid-Market,46844.21,20,9,3,6,2880.47,0.42806093975928255
2025-08,India,FulfillPro,Direct,Enterprise,46434.32,5,2,1,3,2076.35,0.4292789721682042
2025-08,India,FulfillPro,Reseller,SMB,46645.65,28,11,4,4,2790.84,0.3190539593282277
2025-08,India,FulfillPro,Reseller,Mid-Market,42813.36,25,15,5,10,2245.34,0.3597971631848079
2025-08,India,FulfillPro,Reseller,Enterprise,47181.92,7,2,1,2,2359.45,0.39605540461699756
2025-08,India,FulfillPro,Online,SMB,43383.47,46,19,4,5,3708.49,0.24521765122257919
2025-08,India,FulfillPro,Online,Mid-Market,44897.08,36,21,8,16,3698.62,0.34462016470762197
2025-08,India,FulfillPro,Online,Enterprise,45692.23,5,2,1,3,2054.34,0.32046087230125786
2025-08,India,RoboPick,Direct,SMB,70373.78,35,20,6,7,3054.94,0.3192336480723095
2025-08,India,RoboPick,Direct,Mid-Market,71400.59,26,13,5,11,2857.69,0.24980353725665058
2025-08,India,RoboPick,Direct,Enterprise,73589.88,5,2,1,3,1404.32,0.2687432346046987
2025-08,India,RoboPick,Reseller,SMB,72085.7,25,17,5,5,2407.34,0.1894027478394304
2025-08,India,RoboPick,Reseller,Mid-Market,70195.51,15,11,5,8,2719.33,0.26329405165649433
2025-08,India,RoboPick,Reseller,Enterprise,68504.19,12,6,2,5,2172.01,0.17089491159241665
2025-08,India,RoboPick,Online,SMB,74014.69,45,31,11,12,4377.58,0.2465303495016465
2025-08,India,RoboPick,Online,Mid-Market,71402.8,21,8,1,2,2216.13,0.19316781933042973
2025-08,India,RoboPick,Online,Enterprise,70880.85,19,9,2,6,2501.58,0.2381844566454859
2025-08,EMEA,OmniRetail,Direct,SMB,31271.44,37,17,3,3,3903.17,0.26567088402464734
2025-08,EMEA,OmniRetail,Direct,Mid-Market,32680.31,25,14,6,14,2264.15,0.22111359295683278
2025-08,EMEA,OmniRetail,Direct,Enterprise,32327.36,5,2,2,7,1464.41,0.32223590483881265
2025-08,EMEA,OmniRetail,Reseller,SMB,30451.67,28,11,2,2,2773.26,0.2714111921729141
2025-08,EMEA,OmniRetail,Reseller,Mid-Market,30212.42,22,12,4,8,3053.2,0.3763497926344668
2025-08,EMEA,OmniRetail,Reseller,Enterprise,30966.39,8,4,1,3,2000.28,0.3339907157664713
2025-08,EMEA,OmniRetail,Online,SMB,30599.12,53,25,8,8,4194.26,0.2704908305710302
2025-08,EMEA,OmniRetail,Online,Mid-Market,31504.4,34,21,3,6,3334.85,0.2911583919146227
2025-08,EMEA,OmniRetail,Online,Enterprise,31346.71,18,8,2,6,2359.8,0.26494229821917115
2025-08,EMEA,FulfillPro,Direct,SMB,51842.34,35,18,6,6,4200.74,0.41376617597172793
2025-08,EMEA,FulfillPro,Direct,Mid-Market,53430.25,18,9,1,2,2959.65,0.28049098628880587
2025-08,EMEA,FulfillPro,Direct,Enterprise,53677.08,7,2,2,5,1706.37,0.360471884500669
2025-08,EMEA,FulfillPro,Reseller,SMB,51048.35,27,18,6,6,2842.34,0.337162674248747
2025-08,EMEA,FulfillPro,Reseller,Mid-Market,54455.44,9,7,1,2,2132.22,0.2610806875324522
2025-08,EMEA,FulfillPro,Reseller,Enterprise,54383.77,8,2,1,3,1916.02,0.39733820750281523
2025-08,EMEA,FulfillPro,Online,SMB,52434.89,45,23,11,11,4269.97,0.18229477604348482
2025-08,EMEA,FulfillPro,Online,Mid-Market,54535.71,23,12,4,9,3448.49,0.33506913686053824
2025-08,EMEA,FulfillPro,Online,Enterprise,52315.12,8,4,2,6,2052.9,0.4267423949875552
2025-08,EMEA,RoboPick,Direct,SMB,87041.51,25,12,5,5,2864.24,0.2892624375636171
2025-08,EMEA,RoboPick,Direct,Mid-Market,85240.76,16,9,4,8,2373.08,0.25387228378058335
2025-08,EMEA,RoboPick,Direct,Enterprise,81093.38,5,2,1,3,2104.26,0.20732159920006737
2025-08,EMEA,RoboPick,Reseller,SMB,84498.14,16,9,1,1,2178.18,0.3034642324546295
2025-08,EMEA,RoboPick,Reseller,Mid-Market,86836.92,5,3,2,3,1305.84,0.3048954088070699
2025-08,EMEA,RoboPick,Reseller,Enterprise,82693.2,5,2,1,3,2063.62,0.19645095885204375
2025-08,EMEA,RoboPick,Online,SMB,87800.93,34,13,9,10,4114.57,0.3706161027901932
2025-08,EMEA,RoboPick,Online,Mid-Market,84212.1,18,11,4,8,3157.43,0.24756321872075912
2025-08,EMEA,RoboPick,Online,Enterprise,86965.31,5,2,1,3,1453.1,0.21719295064505742
2025-08,Americas,OmniRetail,Direct,SMB,30584.02,45,26,8,7,4083.59,0.26113096192631463
2025-08,Americas,OmniRetail,Direct,Mid-Market,30270.35,22,13,3,6,2111.77,0.2397294701440306
2025-08,Americas,OmniRetail,Direct,Enterprise,29320.51,7,2,1,3,1861.59,0.16749766865922586
2025-08,Americas,OmniRetail,Reseller,SMB,30617.81,35,13,6,7,3639.8,0.29301570603233396
2025-08,Americas,OmniRetail,Reseller,Mid-Market,28592.35,23,12,2,5,3195.19,0.3880669983222745
2025-08,Americas,OmniRetail,Reseller,Enterprise,30337.47,5,3,1,3,2077.97,0.24861260086525433
2025-08,Americas,OmniRetail,Online,SMB,29705.7,56,34,9,9,4790.59,0.3442916375554963
2025-08,Americas,OmniRetail,Online,Mid-Market,31374.75,36,23,12,20,2769.33,0.3484635437013029
2025-08,Americas,OmniRetail,Online,Enterprise,31036.26,14,8,3,9,2038.92,0.2931100544948267
2025-08,Americas,FulfillPro,Direct,SMB,49108.69,40,17,6,6,3585.68,0.36561031342018724
2025-08,Americas,FulfillPro,Direct,Mid-Market,51000.94,23,13,3,7,2907.51,0.4552295146909848
2025-08,Americas,FulfillPro,Direct,Enterprise,48538.75,9,2,2,6,2406.35,0.2831166046426995
2025-08,Americas,FulfillPro,Reseller,SMB,50056.48,34,16,4,4,4181.95,0.37474906776749073
2025-08,Americas,FulfillPro,Reseller,Mid-Market,50768.01,19,8,5,12,2762.95,0.2595191376420303
2025-08,Americas,FulfillPro,Reseller,Enterprise,52297.2,8,3,1,3,2181.64,0.3930023409343225
2025-08,Americas,FulfillPro,Online,SMB,47870.8,43,22,11,10,4717.66,0.40812091349787327
2025-08,Americas,FulfillPro,Online,Mid-Market,50324.09,31,17,6,12,2725.54,0.39245518744913366
2025-08,Americas,FulfillPro,Online,Enterprise,48575.11,11,5,1,3,1689.02,0.2889672885259904
2025-08,Americas,RoboPick,Direct,SMB,81853.17,29,12,7,6,2840.17,0.14076682710032554
2025-08,Americas,RoboPick,Direct,Mid-Market,77544.12,13,7,1,2,2673.74,0.19434938891740844
2025-08,Americas,RoboPick,Direct,Enterprise,83856.36,6,4,1,3,1846.54,0.22186914375629055
2025-08,Americas,RoboPick,Reseller,SMB,82096.57,25,13,4,5,2766.94,0.19010241650073584
2025-08,Americas,RoboPick,Reseller,Mid-Market,83102.54,9,2,1,2,1941.94,0.18266470127242587
2025-08,Americas,RoboPick,Reseller,Enterprise,80884.11,5,2,1,3,1464.56,0.33270941332916376
2025-08,Americas,RoboPick,Online,SMB,80213.14,33,20,8,7,3346.64,0.22450438986658242
2025-08,Americas,RoboPick,Online,Mid-Market,81172.28,19,8,4,7,2614.64,0.3756037435029956
2025-08,Americas,RoboPick,Online,Enterprise,81046.24,14,3,1,3,2160.32,0.20601982485325804
